ELEQ IN Equity,ret_1m,ret_3m,mom_12m,vol_3m,vol_6m,vol_z,vol_trend,ey_z,bm_z,mc_z,rev_6m,mom_vol_adj,value_mom,liquidity_adj_mom,R
2006-02-28,-0.7788733387144113,1.0313052727657372,0.15139116854128676,0.9179348987862975,0.45597660494858555,-0.27829054906556083,0.24815885262566517,-2.6317467066201443,2.289163016373862,1.9836760873706158,0.897171491689622,0.151506975976104,0.11986453301701835,0.2957869561183503,0.11717642356620156
2006-03-31,1.3603559664828992,1.1339090311607094,0.8372209017819918,1.1011980835194304,0.7718988087599836,-0.01650779906317853,-0.17768380553548987,-4.070797725727857,2.2705357379198796,2.386008540182375,1.5372294555813495,0.7620525184193551,0.37008149075728664,0.5708580539768825,0.1335988121424988
2006-04-30,1.4517421867547111,1.088312686648538,1.9414475137555123,1.1162500025080773,-0.346328157392324,-0.3046060510422792,-1.0606288450115413,-2.8577113013779742,2.970201441544732,2.0440239466522647,1.9733974251915933,2.0768392617377014,0.8756490986973864,0.19942932583515777,-0.16705408466316635
2006-05-31,-2.2581924692754582,0.26811621020724946,0.929750499397803,2.965883176281963,3.2549325938653753,-0.9402982806139585,-0.4700897594615392,-1.6025790188886302,0.8503195689272888,0.9323914805332443,-0.3058438404264028,0.3653061449210029,0.588598339523854,-0.7538380370531422,-0.13664355249987642
2006-06-30,-1.805818995688477,-1.7743066956058977,0.2987445612903622,2.331385469131693,3.4755889281977144,-1.266939765756136,-1.2849842003443133,-0.9021831818909738,-0.2718373201390806,-0.08094830222753767,-1.7846578393303423,-0.03998817386543027,0.2881969622602016,-0.7684446962808799,-0.0756830856906364
2006-07-31,-0.9961498310049647,-3.5235937887112003,-0.16543661214051994,-0.9358779691854173,2.117804151930686,-1.767086058670224,-3.2269344979414627,-0.5051027497927895,-0.7875206334589727,-0.6487173421290239,-2.295660956420157,-0.2566566467917516,-0.08267728853105563,-0.5649144791266382,-0.004146515961848577
2006-08-31,-0.1473494194312468,-1.735148108984696,-0.3430491555948756,-0.3763559402403762,1.8658158954654964,-1.2882761807174121,-1.0698270195877673,-0.40268115365304474,-0.7592448384178002,-0.7068088246226616,-1.9146570345673797,-0.3633552649525521,-0.260591407521268,-0.2550053724536625,0.0347091663720152
2006-09-30,0.28532640194532766,-0.49383465261385734,-0.159757236624588,-0.6384235046272196,1.0625150821942637,-0.9691944617976291,-0.22130230464228537,-0.4450791478247539,-0.4733717570413379,-0.4949256050329981,-1.1515488701106953,-0.22855267066201457,-0.07865177436260622,-0.3536621607536255,-0.00940867155698799
2006-10-31,-0.18510425569549455,-0.027395305505774764,0.03367689594586744,-1.486407845528856,-0.34306098959772985,-0.9156403740990667,1.6479868810753295,-0.32666890600981585,-0.5130923210378265,-0.6054545063579188,-0.5810015445709802,0.04806129614530477,0.12029962618733032,-0.513617600560037,-0.11055064352199104
2006-11-30,-1.3338369861753137,-0.7046208355566431,-0.751325526477662,-0.15846764041919295,-0.86100333821233,-1.1608295638304216,-0.4311798349338266,0.13913051888098527,-1.105658983119487,-1.3850000698963691,-1.0529293799567765,-0.7776844110317422,-0.7449222053358214,0.06469406758926331,0.11593786193820117
2006-12-31,1.2317375335906084,-0.15405442635700844,-0.7089093276852363,0.8036107553388092,-0.33231748160364777,-0.765851107951409,-0.16782465639861638,-0.24675548309576162,-0.30721752052509854,-0.5339910843195067,0.0822439620105753,-0.7034299154583339,-0.6914855430100414,-0.07718009610837129,-0.04323143170976781
2007-01-31,-0.5008039579157624,-0.3422358273839996,-1.2975108243559788,0.8457472928648242,-0.5494604084833152,-1.0753188622515126,-0.9900378542908962,-0.029571646943476797,-0.5360591038481123,-0.8598673450579253,-0.24969165304179167,-1.3543742787186461,-1.3681869409380647,0.4567261031440482,-0.030618269309482964
2007-02-28,-0.4376845949721489,0.1729005359416826,-1.228858299539298,0.2008959470669016,-0.4772407643741992,-0.33906498624958037,0.8679616894001911,0.1547885178992411,-0.6750524488403795,-1.1103701220246416,-0.4696739594153138,-1.2486293931875443,-1.3678440722098097,-0.15003914559359197,-0.07349633433543808
2007-03-31,-0.8959042427968117,-1.0421420026072907,-1.7370645532130988,-1.4253630810691993,-0.4074886904273148,-0.42704483680869304,-0.0923930242269998,2.0118568043739753,-1.6066527206119077,-1.6992444967398816,-0.8799706112231214,-1.7609043654391958,-2.5977146687499015,0.1319908510155266,-0.017268874978829
2007-04-30,-0.2745678249475582,-0.9245244333485595,-2.0075588322218234,-1.1333806519813945,-0.3835161282872681,-0.3544326771038583,0.7113568046626548,2.076015492485846,-1.557817308947303,-1.8644618617155477,-0.8152409642382273,-2.026395721506393,-3.0083378609422553,0.17065304615590843,-0.00715140115762524
2007-05-31,-0.14957542030301504,-0.7508677738255578,-1.5035726629303363,-0.9339302641439837,-0.84152224229428,-1.065495065195628,-1.0265769405233252,1.939794447859032,-1.405152372216059,-1.8157080615197616,-0.8083562350267948,-1.685309196075654,-2.0270366031585207,0.9246021796579096,0.07820074730747496
2007-06-30,0.9040155906907489,0.25044159389568876,-0.8458889964895386,-0.4726537377249334,-1.354876340939529,2.1138542458873526,0.9308963606723873,1.3926141891496302,-0.962343847405592,-1.137242571416731,0.06433086376951484,-1.0310520763008848,-0.9159738051737413,-1.524770112658055,-0.0223722977545331
2007-07-31,-0.2910501948344676,0.24872075277554598,-0.641672307651921,-0.42310648919927074,-1.3025057656271144,0.5477493851138071,0.49799383395667757,1.3886880413259903,-0.9482989286686344,-1.238345328361047,-0.0015031721833493714,-0.747666756252228,-0.641233053627451,-0.43625756786409287,-0.011376686982108046
2007-08-31,-0.12664320093666226,0.2735848219645015,-0.6248611376561305,-0.41094918559593524,-1.2685123620623218,-0.7617540897947153,0.40027535219827115,1.2961861252302094,-0.8711055571406371,-1.1998915444542517,0.019372803890838713,-0.73843860798563,-0.6296830224800746,0.06592821795125343,0.16423370556814607
2007-09-30,1.9577680169960905,0.886353520920003,-0.19541676023772184,0.7325755319943327,-0.21862845388847804,0.6275111401980616,-0.4333901360203552,0.5832344536196656,-0.18318121861776918,-0.05667498384075548,1.420230545155985,-0.12628247349605787,-0.022255017964910462,-0.15313574371062308,0.017960713726431994
2007-10-31,0.14459253641768738,1.1364958998112245,-0.09622882693226402,0.4145506855399233,-0.3919709447837956,1.4106790681475205,0.40012985895167386,0.5278977171956728,-0.10663584763440632,0.022327741219863993,1.138106979977886,-0.0069132539307974385,0.09950289256561533,0.0812424455009879,0.15133134277718877
2007-11-30,1.5795401816705386,2.11605954073367,0.8967681819752359,0.06275495405654692,-0.047097480523347605,2.434480856033964,1.8155791380095332,0.04899905793714832,0.5601702052980237,0.8997459526094505,1.950911965949716,0.9256458170224283,1.139270859222429,3.048349692283603,0.13523758652077134
2007-12-31,1.3269275921795916,1.6856009953076365,0.9312823998592775,-0.1351051420794271,0.12362968633547855,0.7351091472506583,0.40450201509305334,-0.3026078190392365,1.1836409301858257,1.4227830112775812,2.339860323652834,0.8912611920419046,0.9992737152637118,0.7246598684853982,-0.3234782661539211
2008-01-31,-3.5077729495856924,-0.3920250245537795,-0.14780337708089064,4.674376002260176,4.017268037767031,1.948485740401876,0.7639767047264978,0.6720734443883652,-0.2685885483709949,-0.3709218388353136,-0.7982081600298772,-0.16828663059398755,0.06022437863114968,0.10212643597220664,-0.03217435702785608
2008-02-29,-0.22721653290679272,-1.4367234962824589,-0.10100202926981942,2.6133150266178866,3.0049213255453613,-0.2538119772892887,-0.8321883692464862,0.6966242503496728,-0.28388660943380983,-0.4758603946794584,-1.0678597217186012,-0.11349019585494095,0.11901876866208007,-0.3396999552467582,-0.2091076398191607
2008-03-31,-1.7892410363139675,-3.3396556682706,-0.48365118217022846,0.8542981092362076,2.560998099677558,-0.6057162421067257,-0.664016791578622,2.9811443114361347,-1.6003261132746118,-1.6554517460690523,-2.06062084938133,-0.2508552347586639,-0.7719912361308024,-0.04188652570752647,0.3314217208351443
2008-04-30,2.9561525534850746,0.595601269034997,0.9212147975335756,2.8467155365553882,3.4775876156836465,-0.2474249600511337,-0.9471707454485627,1.1122819589189794,-0.30850142818235265,0.8096991511176023,0.23520902504676935,0.27026215875668086,2.2139312772475037,-0.7124819945049694,-0.18051487156900559
2008-05-31,-1.2606549007096743,-0.12543289329896737,0.3689148837231707,2.756059864938573,2.6956910575689963,-0.7786356431909325,-0.3294352614608093,1.4438855185348927,-1.1590224302345589,-0.45018939064410896,-0.6922106734853165,0.24292695000957726,0.8867196676222655,-0.626444871471945,-0.1859381972641431
2008-06-30,-1.2899090690619854,0.022315522082277196,-0.7693635197285619,2.276901454537936,2.0614365590807,-1.135736413490889,-1.33423154779564,1.6290917406039604,-1.7171227217885725,-1.8592039143098484,-1.1831274754101937,-0.12987536024004334,-1.5456800680709333,0.6724538823539842,0.07373523188724579
2008-07-31,0.6264832154343075,-1.3380022424260014,-0.2804095615848751,0.3876289083714611,1.5198251015268782,-0.9350403065949245,-1.642894259147097,0.9887835530471878,-0.9843993383188515,-0.9747576611402592,-0.42247289431492613,0.048941012815904156,-0.49990375469791565,0.02280880591460449,-0.006483004878078266
2008-08-31,0.0007440564595646834,-0.4721055391517534,-0.22809814308516044,0.17366897320712774,1.4055543921700677,-0.8769234740179,-1.2594558138741132,0.7546973552660323,-0.7525004133050262,-0.8718883182132453,-0.28752014996329195,0.07472854928516252,-0.42321422461525715,-0.06239380852195601,-0.19409794411777975
2008-09-30,-1.3526240531017175,-0.5466435055508837,-1.6109393549054725,0.19404454272354227,1.2655062577988032,-0.7262559890220192,0.32045955250729713,1.0669697864711967,-1.1504909999077202,-1.9359605213042006,-1.5221401267872707,-0.4811942768796068,-3.7151210744980756,1.105234305744522,-0.22363725658219902
2008-10-31,-1.446723608496645,-2.1284926168567253,-2.1230990075705294,-0.06380759606977345,-0.024222999232676946,-0.2392156043264394,1.4761880973851407,1.3378710981399196,-1.3207162791677256,-2.387245247895923,-2.0448107286693222,-1.398749460196925,-5.208643921586207,0.44855894127037776,-0.12056467861826028
2008-11-30,-0.6384017127637915,-2.4302345958245244,-2.4092420266271164,-0.8614265469057449,-0.09958640678369696,-0.635219800155171,-0.2748091686806135,1.1960683142545934,-1.1200341859741814,-1.99165059049705,-1.9015569851178178,-1.7504683097985032,-4.998459745886198,1.8455184305524586,0.022039459566291504
2008-12-31,0.3179017439977708,-1.1334132824785565,-2.2382913367877753,-0.03549199529512432,-0.08108595304936403,-0.5454028488770313,-0.6200211760877348,0.717749483705258,-0.7696664642012154,-1.3534534873775599,-1.2664780326677394,-1.6557913447665913,-3.52248538834882,1.5014888247697338,0.0387490026699414
2009-01-31,0.4638522294346602,0.0884550621732237,-1.3926580215224487,-0.4526070844003484,-0.22169386836632077,-0.6762996793356052,-1.7023505795718423,0.325681116360736,-0.45086414522539253,-0.9175562579022951,-0.4955931103642339,-1.143146536780926,-1.8916350049912996,1.2170669865952974,0.01431384230527015
2009-02-28,0.27334147577903656,0.6776262098425838,-1.212558034274474,-1.2979196538430655,-0.20424709740080635,-0.711839769077093,-0.6438692859818865,0.052319719129874646,-0.22567890888967257,-0.663262148815272,0.16328318033251554,-0.9771641256487733,-1.5477642721410674,1.1148008145208912,0.06381151274495377
2009-03-31,0.5948982989848002,0.8496971028221606,-0.5735496609097975,-1.0867953210447825,-0.2946753178811074,-0.2628938170787538,0.772381061419515,-0.42682217206104395,-0.21765012153442512,-0.35439152619973563,0.8491746874093979,-0.47129883111087956,-0.600829497277089,-0.15653684458647546,0.07358835665748913
2009-04-30,0.6195367966938905,0.9408621468423191,-1.1060327219338446,-1.0113715102189222,-0.9592192003866592,0.10289176366145072,1.0104377896115964,-0.691762281839398,0.0009467226673374496,-0.09561140435262859,1.198526791751823,-1.8717087647648523,-1.0390847246502737,-0.6342552147611865,0.31270422862727343
2009-05-31,2.185948346329116,2.130240740157078,0.05647459321633115,0.20341814124414437,-0.31899001799587107,2.4960127240972936,3.264183593047276,-1.4380307471739717,0.6342374004808767,0.7158244429700402,2.7835129928061266,0.09793066649089018,0.317137280033441,-1.9929665866800823,0.01390615456501003
2009-06-30,0.09301907413451663,1.6753596174184648,0.6863633978980429,0.35329003930061526,-0.34081093234451537,2.1754973503728183,2.239517067399898,-1.3809061846111284,0.6733961915698407,0.7141638019173028,1.7494192751074877,0.6550000382162842,0.7973464608410519,0.16540053271740138,0.11425665196679696
2009-07-31,0.7248553553037845,1.6832911739802325,0.7993511256125032,0.2375191102635654,-0.42828326855974075,-0.011497811424653611,0.5088696346677205,-1.5218675496759593,0.9500652740286472,0.9680402331890738,1.6657160899298566,0.7497507403151309,0.8539449440600854,-0.6587415673831395,0.21499449574094304
2009-08-31,1.293758472105232,1.1987405296076405,1.673359913854631,-0.41191470294726373,-0.49382783824441656,1.1283968266574582,0.2703172448148484,-1.742191871625713,1.5092000109413024,1.395239946731982,2.0219242609281944,1.568712578833782,1.2655537967373118,1.5725167082883147,0.07214395071212777
2009-09-30,0.35806984310572176,1.3184335444874071,2.8453541666257833,-0.7656217085545232,-0.5800522636443259,1.5830652823138815,0.2212389790971289,-1.691206055302312,1.6462886642292198,1.4072761537596066,1.4311096699582952,2.714152050988929,1.8224471945824863,5.946810582135645,-0.020879879428364934
2009-10-31,-0.16757460279511696,0.8004838855785795,3.4783380924942846,-0.20547675519086142,-0.3380314744627763,1.974011314540808,2.2667618877567723,-1.5729169818122586,1.5212955074132388,1.2607219084675687,0.6673760615300599,2.9640291708695563,2.3133767637627134,7.8438973826120675,0.11722763436468334
2009-11-30,0.6642381549476568,0.4657387341711568,4.046263191419521,-0.7942427058289956,-1.1686121253452526,0.04506233621509151,0.12738119324875888,-1.6340697875604715,1.9339766727919383,1.4313529733176698,0.8225818559213492,5.438404220601622,2.576802469446924,0.1933994535632572,0.06823538301889721
2009-12-31,0.3836814704209794,0.4836862399563007,3.265418784667529,-0.7907288396343672,-1.2945131125253364,0.20393984662553974,-0.11755000252329782,-1.668218371174404,2.4295838536061,1.5609956583602684,0.7149547539940063,4.154906329162058,2.2258210978143627,0.609920130050601,-0.06134559198508159
2010-01-31,-0.3801829346086567,0.37554195763483683,2.2326734831815815,-0.5251516565379121,-0.887361066322665,-0.09494171464793216,-1.1370060515498275,-1.578455533398713,2.151955629080461,1.4163283804360955,0.15764479272491372,1.9988051696059512,1.802179174149026,-0.5103744613411934,-0.018812435990721698
2010-02-28,-0.2067411487831678,-0.09935458776314117,1.8318397768496062,-0.7900363128832355,-1.3500323198776436,-0.4903537915987632,-0.7183634422571602,-1.4579703019137502,1.8732230236058482,1.2281679654167121,-0.06497674634704871,2.47347881540271,1.5755067838706562,-1.7352947286327414,0.13096688770065446
2010-03-31,0.7840327078019121,0.08125378153317281,1.8588343008688915,-0.273724659454501,-1.036867796646381,-0.143565073011802,-0.2628387353318309,-1.3044069968474619,1.1477214862147305,1.2864293801583477,0.3556273059583389,2.0136580749488666,1.5915568537592175,-0.7671436963297171,0.12627143333640325
2010-04-30,0.6856871118926007,0.6921199048248855,1.8284592527367933,-0.4533806644625401,-0.9247559727757093,-0.3061842648881446,-0.11477792792622256,-1.3201586602236883,1.4897148649238565,1.296834778912523,0.6391764083632745,1.9146029245066043,1.381735079203991,-1.2087803885599417,0.009613609899821348
2010-05-31,-0.06786742875844519,0.7674474470040639,0.8245666340198007,-0.6189621427017014,-0.9318334131104985,-0.26172284800287415,0.5845312897706699,-1.1680500340084072,1.3444697308844558,1.162405216380926,0.41920164284273964,0.8952665930655929,0.7279732591041937,-0.7723279913287933,0.10559011042407417
2010-06-30,0.6363259080261127,0.6194588282774254,0.9878395953020566,-0.695517429403921,-0.8111193186805643,-0.6339857482428349,-0.6292437344725891,-1.0924388081014889,1.4844327755607183,1.1165343652055433,0.6643793658406433,0.9975477589708756,0.7411585067914788,-1.5412148760867928,0.058840500022933395
2010-07-31,0.1734268331527673,0.32944240842614886,0.7780536167040015,-1.0869037601843985,-1.2601518638652291,-0.3557212649812186,-0.04364569143789502,-0.9935604789286656,1.440919895454666,0.9977741637214644,0.541072130906311,1.2055865355909683,0.5652191135646264,-0.7635333801539631,0.025958836247997545
2010-08-31,-0.10309162029742151,0.3320745040751433,0.3169243757868075,-1.201677161405936,-1.5278749392300721,-0.3482830304094434,-0.1361800465453878,-0.8738623612058193,1.2809207566905498,0.8577094719205337,0.23244062844955712,0.8113636341285486,0.2874602175451592,-0.5419802646728001,0.20854847371652718
2010-09-30,1.4560246889696127,0.6843153658945574,0.5634798736928748,0.3079539821676858,-0.891983971262666,-0.3277177323686981,0.450627663218852,-0.8520914022886172,1.6556435009923367,0.919328864943601,0.8708439525905491,0.6540281160985585,0.29820523395465515,-0.5222283232666334,0.1698749610048076
2010-10-31,1.0347182795680014,1.0569546113481658,0.9833381757788855,0.3339287879612953,-0.723620880037967,-0.6110772193915807,-0.35402971224479984,-0.7991166338426074,1.7731440754035854,0.9172601470546313,1.2299062826431162,0.9860561925220346,0.3515604265891039,-1.1109147550780065,0.017399214570979805
2010-11-30,-0.5818183173419927,0.9792667397391129,0.6414672928328913,0.48821983428224136,-0.7346270447940382,-0.1364595825313494,-0.2312494355315013,-0.7031835183250768,1.4184927778287868,0.7779335170720987,0.6073530945577753,0.6650488570329932,0.18334280939652037,-0.11166666036266147,-0.023266883258671028
2010-12-31,-1.1764353982963536,-0.23535211169225415,0.34869968513586164,0.46002912227932014,-0.021767029821265764,-1.4957804458707067,-0.8145194939298219,-0.5966234249810752,1.0602688984293862,0.6191626265892285,-0.16176080152188688,0.1629458544721946,0.02956706108442685,-1.9749696333499926,-0.10395687079146969
2011-01-31,-2.0478556543989304,-2.3458040991615023,0.17633633206016283,-0.5767800489210315,1.3284845120163307,-1.7828283223811254,-1.213985543434308,-0.41756294671108973,0.5479457393256196,0.32723388219777605,-1.4629359091821965,-0.234810351212434,-0.05679747962060053,-2.0649080315986468,0.015120892922786457
2011-02-28,-0.580654859046363,-2.2737769199228093,0.19690225294361602,-0.5708074516688465,1.329669526808474,-1.3107205018828403,-1.1351013210394465,-0.349306605578572,0.44227868170891654,0.20723685180015777,-1.8230108689878026,-0.24648340432051336,-0.12029759793267356,-1.4827101651756864,0.07611371809650151
2011-03-31,0.05949126437318566,-1.4292660040674905,-0.034993431316975694,0.20793932418713423,0.03844548353221766,-0.29965964134607576,0.06469725661487748,0.4694030506772566,-0.24901078514895258,0.21357345495655275,-1.4098052779314978,-0.1647534395634113,-0.02530691070342665,-0.09921600558097517,-0.047466537238923606
2011-04-30,-1.243944845272596,-1.0094954092325572,-0.6031556791127358,-0.7752832459309136,-1.4229679734361371,-0.9051107559798869,0.243869182197209,1.0257044989544157,-0.6152373099627739,-0.10742566327064743,-1.644864210443831,-0.22476201908264629,-0.4314330985839451,-0.48234019819273066,-0.05422155416663893
2011-05-31,-1.2231947225336854,-1.373236654008003,-0.9464285236683843,-0.4834762537652353,-1.359730600560798,-0.18825086820450074,0.38121938510007347,2.0485865186263355,-1.0864876304815287,-0.7616269062827344,-1.7391958101225116,-0.5770677789760066,-0.7403991424110306,0.08141737990222606,-0.007850874475738767
2011-06-30,-0.6806298674548975,-1.7704401991902856,-1.4071060474987975,-2.087703795570616,-1.231848802170261,-1.4206308045874132,-1.9934718520500532,2.516267066531189,-1.332437463027674,-1.2010438810584974,-1.5108032139839045,-1.076282780735451,-1.1166433550121069,-0.46687434814695133,-0.014138893603204698
2011-07-31,-0.7388124093082287,-1.4105936324483057,-1.7007544660467413,-2.019751458549313,-1.859168025534319,-0.9068120533799208,-0.7174746454974623,2.944198910384706,-1.6234943417676837,-1.928504963881636,-1.4378042872577634,-1.1838196406177122,-1.3192860530680555,-0.14767344968635748,-0.12858309040043076
2011-08-31,-2.005427971178298,-1.7540192115576856,-2.1525896414484267,-0.27195620737439424,-0.7576615543376825,-0.3191644613486417,-0.535535117663129,4.077151167820917,-2.424592005694624,-3.747433975745255,-1.9798978436491885,-2.0318733301701104,-1.6312626202513507,0.11806136440116649,0.006230549750635942
2011-09-30,-0.27965955270631876,-1.505303582041012,-2.437973019443322,-0.02746928794584621,-1.5713972132785232,-0.3435659891995821,1.2045146665879385,3.0525306796897693,-2.1843953747468547,-3.0356430750397942,-1.5404103187935567,-2.528016661157261,-1.924483342301077,0.2555732267943774,-0.009645464850705311
2011-10-31,-0.43557239436616224,-1.3709349953302414,-2.3924422503496037,0.015553490642099143,-1.373886657912008,-0.8033702435110148,-0.4676969427551938,2.6596013484168557,-2.0438211072887147,-2.7330731078647488,-1.2569647285921217,-2.644954255573275,-1.980890334800203,0.5543893356445005,-0.0037126988241628807
2011-11-30,-0.3722485323739068,-0.5329276749754689,-2.0810056457466923,-2.8648725761757197,-1.3184150308509974,0.9176827963624374,0.36711720395378106,2.2597310709584986,-1.8658608098494662,-2.475838488865156,-0.9959164244112586,-2.2968811233641566,-1.7835790148640331,0.6355435113998558,-0.0640998953641357
2011-12-31,-1.051096265460734,-0.8966670599124142,-1.8950881600869987,-1.386056917554799,-1.1534773338728914,1.5271960925550787,0.8560402735356685,2.3020981630900215,-1.888246338731835,-2.722384918333272,-1.1086703387168755,-2.056777474055671,-1.7189702032232472,0.5435340981296755,0.07406439062356741
2012-01-31,0.6777997543673154,-0.3514913459816276,-1.514452559943539,0.07396595680818861,-0.23360200464843373,0.09742659653215455,1.4112808984423972,1.5530010714378715,-1.4227004247618151,-1.9398761508500106,-0.3405899702315357,-1.4693248382902828,-1.331338455053518,0.9603842972471539,0.047034948704973434
2012-02-29,0.2915499392039928,-0.03335245032249598,-1.3439710017343118,0.2638130891823329,-1.2314758218859534,-0.13443512197531565,-0.5300761954912273,1.1786046578341094,-1.1440736997800658,-1.5366247541991234,-0.038601005455203584,-1.3741490787020034,-1.1879673324915512,0.9594375486901514,0.01342302033214077
2012-03-31,-0.14767284967226363,0.39495369815068915,-1.3126025854745142,-1.386271367829337,-1.149315566198937,-0.864707144247666,-1.6856338428215258,0.267904340050733,-1.6023119894521987,-1.4323259484357131,-0.024220916159339727,-1.3921054860720312,-1.158858318861669,1.0733880138200922,0.04254850324595606
2012-04-30,0.27483174050880826,0.1934725482189764,-1.102881141351073,-1.7417958444631603,-1.0326813061387745,-0.8501272674658606,-1.5073012315246814,0.06182501530299368,-1.3266156443813686,-1.0360298849159923,0.1769138573744619,-1.1033678884147586,-0.9968341905710159,0.8783334067744372,-0.003327790092674691
2012-05-31,-0.2690657299363451,-0.06371145279429573,-0.9670331644126787,-1.3833276570690567,-0.9543056878223677,0.29475836753933093,-0.03483302055836169,0.05844410211725482,-1.2250205040534425,-1.1192691301592004,0.03755540774082538,-0.9195234090158257,-0.9017966149236808,0.6781031297231879,0.027315810646962924
2012-06-30,0.1389618666508813,0.07189953361193818,-0.8351122984723807,-1.261966549994567,-1.8867672276373169,-0.4970145549713108,0.3072086561297029,-0.10225531436513854,-1.021950042188018,-0.8197186113365946,0.023049863939064195,-0.7877029487364937,-0.7699420717303154,0.6300190903795239,0.05272689702657351
2012-07-31,0.5298993102139025,0.18264248217089676,-0.6543272057706795,-1.0058077327808665,-1.9255058069354059,3.80250191037336,2.873239472832216,-0.3829437115782187,-0.7528053155491835,-0.12635423681960214,0.2611044332393349,-0.3593080892799145,-0.5855643699837574,0.6883355681627384,-0.038113633884049695
2012-08-31,-0.6928783060574004,-0.00852430923283673,-0.42231439829784423,-0.3261697178425836,-1.2486923988582028,1.484689993177588,0.9157867258443025,-0.2534911423044271,-0.7844503222104786,-0.7708653311636346,-0.14236411117924547,-0.0209803676332583,-0.3202265382560636,0.6277414354885856,0.02260944734808442
2012-09-30,0.1621261605903567,0.0008126634454840277,-0.34448032169177284,-0.35740266754336025,-1.1790390817548646,0.035218375665593826,0.5580438430926549,-0.46117841201750515,-0.5938283379600221,-0.37500951957789713,-0.05825572742258253,0.11790636726605525,-0.2390342185762784,0.3230237475179969,0.09246522767209361
2012-10-31,1.4521598103706994,0.34676521067289534,-0.06360815973019902,0.3749822524893419,-0.624150975132469,4.054778714986385,0.8941075984930331,-1.073979913760283,-0.10886583489329592,1.377454010744111,0.6578385737442064,0.38405514753692516,0.02142577697080611,1.678706277600784,-0.04207378213568783
2012-11-30,-0.7670809798382382,0.4925862654408677,-0.06451944980038063,0.5123286511539488,-0.28593943219095247,1.915863234254982,1.037197107339841,-1.031645534742896,-0.1318603458569068,0.7782372089014533,0.227335514498382,0.22202321147166898,0.020597250561407328,0.90659880602456,0.05340534814523759
2012-12-31,1.0295508384277081,1.1307665002668341,0.3749775151621599,0.6799610031336848,-0.17100335943871858,0.29453172230218294,0.7488029810447289,-1.523064018598253,0.5226436378886887,1.9850415093471463,0.8715259007180208,0.8192364298532948,0.3832980984493251,0.2535100522719905,0.05583335191024037
2013-01-31,0.9974831722614683,0.7952601761575259,0.4201296783887325,0.2223123027465357,-0.09768530947199239,3.044679675428351,1.0086017031591055,-1.8988727107201526,1.6030564584417832,2.5877047011606304,1.5206227393386793,0.7970347037237558,0.3389945342337823,2.0983172212158383,-0.1815022204105521
2013-02-28,-3.6113325754972543,-0.8836094794061485,-0.22245261105372038,3.7034909212327034,2.2790410263078305,-0.031368111001089605,-0.8666480915719771,-0.8485113048133869,-0.5249779120481026,-0.796641719308022,-1.3402222733725004,-0.31233404909982354,-0.16114361214156062,0.013620969451311108,-0.08188715947218428
2013-03-31,-1.2448100415772299,-2.523700168263744,-0.4435586319066898,2.2583975804982446,2.8926326035145453,-0.5200586844616076,-1.9537868331033064,-1.7182403472441592,-3.1360927557778395,-2.039663723172301,-2.1261445486395605,-0.4514846720987667,-0.36710281719802756,-0.09774888665257468,0.023716526617316065
2013-04-30,0.48926652807349863,-2.495970748842481,-0.4503702475881058,1.5407003675978912,2.072790048993562,-0.45011952539187977,-3.419100888267037,-1.5800755929092984,-2.114463140931934,-1.337160323073432,-1.2591160992227581,-0.4292483402854031,-0.3436867872577865,-0.08880924489539212,0.02570835671020703
2013-05-31,0.476121770868233,-0.173310681601009,-0.26094708598206123,0.15775280303017833,1.9562395427200436,-0.47673895954686574,-1.3211052296489403,-1.4403251460608741,-1.3280853550340197,-0.7594238531940767,-0.667969498565552,-0.29349058429377517,-0.18004883421786835,-0.24629212984193602,-0.005089069507471181
2013-06-30,-0.05512701797444688,0.5529020924318498,-0.3341667990014,-1.1938458826250613,1.487279483653803,-0.3510723107550578,0.9889768284495949,-1.1829557442209504,-1.1395809698716506,-0.7593695829314555,-0.3799909645388179,-0.3103192924293609,-0.2018562056659114,-0.1923419581366373,-0.014129971762986028
2013-07-31,-0.19888121713659407,0.13775589746489922,-0.5872739770274694,-1.0593202292604282,0.986412654093353,1.2960656491575557,2.628501609823908,-0.9359472105002149,-1.1055733222305166,-0.9167341799061519,-0.02402209909769047,-0.45712397496776286,-0.3698471815931894,-0.7546241281105198,0.0051613017802255474
2013-08-31,0.10398032935556271,-0.09205967874705336,-0.3136716665512085,-1.3889720798944072,-0.8306305304791841,-0.6160978187572355,-0.20739146784414877,-0.8026590664730162,-0.7526299251116331,-0.833441718596603,0.12460475746602162,-0.4141737005130292,-0.14042937018567997,-0.2967846866039347,-0.00645580034287122
2013-09-30,-0.18327755297303377,-0.16764042145473237,-0.4242382197276611,-1.2685783361091016,-1.7503228359722416,-0.6100249790064657,-1.1300027358177391,-0.6265684518141977,-0.6312692685677679,-0.9720381430252966,-0.10547974450338109,-1.216609338953747,-0.21712782333297545,-0.2392810032571575,0.04185772739378713
2013-10-31,0.6634434482397967,0.36228892395162954,-0.6703861435937586,-0.7196038137473175,-1.3953017990870322,-0.49104047224819874,-2.6306880250411084,-0.6835365334877633,0.14202299177841074,-0.27408199725919435,0.33535420517356246,-1.4419750751496319,-0.4005515482598907,-0.17068852481864652,0.020411381195785023
2013-11-30,0.2525698261492666,0.46966894402403114,-0.4091087476020102,-0.6908611829260097,-1.3268662822830084,-0.2682503128565299,1.0519660813791945,-0.6561920743185453,0.525110136652199,7.706471633646198e-05,0.48811197299998754,-0.7875717742694729,-0.22935812825013682,-0.331982191501106,0.03468832420518475
2013-12-31,0.4805470742864258,0.8935790223702256,-0.5733965625370765,-1.1116089023747966,-1.1727225131691106,-0.13500671950408746,1.5593181197609807,-0.8392291795748646,1.0529448394828518,0.5765304471879166,0.7685271306039346,-0.973927205663961,-0.3839891431529412,-0.3537129303129005,0.03693011401591376
2014-01-31,0.462326157619149,0.7659683733952373,-0.7685527500110868,-1.117323305346177,-1.2104941044879616,-0.24615093948636238,0.5993663039483755,-1.192405230484111,1.5986027357778676,1.2162460804098625,0.9453291756199763,-1.4111672016200456,-0.6083218183886177,-0.31004545215495277,-0.0029501893631947115
2014-02-28,-0.2223851581825541,0.4606275027720454,0.2935096542404185,-0.6509624063097458,-1.0539464894322457,-0.3102164395628934,-0.7045387531034826,-1.3596091896869544,1.476858494319603,0.9246096847333863,0.49464629660728654,0.9210431427560908,0.20850142184527998,-0.54334576210334,0.16570702393796638
2014-03-31,2.905370231794566,1.8954929405430512,2.145829868241778,1.2629016576172774,0.3379957860658027,0.18368547723906792,0.12039195811992535,-5.021132709664835,2.8104726147871144,3.5587961227639835,2.4678171164420015,1.520938525229592,1.0041464386824013,-0.16408772274790936,-0.04792398828158301
2014-04-30,-0.9693085320773418,0.8909114103099007,1.3365922699013781,1.8336741499920441,0.7496132967274459,-0.15123675402835735,0.3895157554853259,-2.3938540875645082,1.6052646753827982,1.6756246652894384,0.8425064400815132,0.7711954453273805,0.6532172170712236,-0.5421636756339807,0.14685137734564677
2014-05-31,2.1308328354945103,2.449638457637768,2.1988827940747813,1.7859835665745591,1.1384670915212645,0.20615167972963414,1.224889808830422,-2.093149820165445,3.1278672315496068,2.6058192507183824,2.245805734907961,1.052228699856142,0.9729777049058951,0.1115825041493957,0.05843674056835578
2014-06-30,0.6051484839969019,1.104311012663817,2.4375310648827555,1.085144399061798,1.0390089624222425,0.0820390892657593,0.048781966779251354,-1.5480419840030721,2.7763226817164264,2.0601121809448197,1.9381411279558534,1.2624534391618374,1.098144720820955,-0.006682526947657508,-0.0032959818895558547
2014-07-31,-0.29266200296727296,1.45163038095597,2.1704112838868834,0.4570229701336647,1.0793076006548976,1.9698514011032975,0.6905813074741027,-1.0038899221079538,2.0336412906021692,1.3812169565946373,0.9872027984114415,1.1383316671058799,1.0662013510075072,4.180334422822527,0.05647955832753309
2014-08-31,0.59026066431228,0.5546414167716371,2.2665789659458286,-0.5869250024352546,0.8489631916880723,-0.304600278202104,-0.4618664959480789,-0.7667288409245997,1.945336520357324,1.2639096950385926,0.9035237602277361,1.3831282427714346,1.125878956647854,-0.7186145518321012,-0.02639843485297154
2014-09-30,-0.6498802613718271,-0.21397284662538227,1.8395870929108213,-0.3827545982139027,0.39813450582642274,1.8208249009509039,0.4505788117601479,-0.35649365667389604,1.3824543117060228,0.7781821376482355,0.14432267911555877,1.4921055137932857,1.0317646812487506,3.2181369731672738,0.048462123977752875
2014-10-31,0.44816961632610164,0.24103928177745007,1.6924662851213195,-0.3064324088860145,-0.032616386625849446,-0.6902695539264047,-0.7554064673444284,-0.16959348433449598,1.3986102807924865,0.7561404245184737,0.18271149894008015,1.8024810815550083,0.9433600193515377,-1.2595543429273148,0.16453886272644933
2014-11-30,2.1693221072401987,1.18205486317628,2.469482809984832,0.9529827688947267,0.15129722136271856,0.2514139530808697,0.4487946600499871,-0.27565672671714797,1.8239096522648377,1.1391448496593886,1.6518074987266125,2.285633417576792,1.271050663563806,0.4415752048205561,-0.053851494810588894
2014-12-31,-1.0457075966322018,0.876783745854141,1.6046178356629406,1.2220649443151186,0.5377713267596756,-0.45592120108248146,-0.6994777417926825,0.1525751105848821,1.1727967138142488,0.6281329998335935,0.4397346527816121,1.2399060689089032,0.9809076395848634,-1.009736698165396,0.08983071403969929
2015-01-31,0.9351937511798182,1.1925228372944239,1.782324210115641,1.1881483948776852,0.538089051615655,-0.863534617127207,-0.03849370309305144,0.1962426493363128,1.2634380802453284,0.729639728821133,0.9424877230429719,1.4062396413507743,1.1254762360765735,-1.857380878174388,-0.0759924793745136
2015-02-28,-1.2626114663272612,-0.8418880035096731,1.2544297512253824,0.6256786895633176,0.9747522255031259,-0.8792727279254223,-0.3947250977636133,0.5220677681789232,0.7707996448611971,0.3247982448680129,-0.2446378500738373,0.8124172943099633,1.0154859742135518,-1.5432016609702086,-0.00026950545911670105
2015-03-31,-0.3786135000653299,-0.4219562650245885,0.42007965135587044,0.5398159568656559,0.9169777573307687,2.5343262594533034,0.9304453842700781,0.8976639539627396,0.42625698679099594,0.1686138624072232,-0.6201808684674767,0.2777952205156476,0.3984199974552635,1.92397076920269,-0.06356864121887947
2015-04-30,-1.4574131918222775,-1.9869667506164619,0.3099198415698802,-0.46337170132583866,1.1850243705616657,1.5341276172501443,1.0488488264178388,1.1793435489448214,0.09353288484434975,-0.2109509557342992,-1.663196350877507,0.14584798262644527,0.3675065884409996,1.0946520435063032,-0.0459935612926468
2015-05-31,-1.0747711054792837,-1.9521670377074978,-0.45741256804622743,-0.6118911455244128,-0.06445255954065122,-1.2088663242654907,-0.44656094786273115,1.3704395837745833,-0.17995499917908866,-0.5199383632305088,-1.9916060450290285,-0.17863192842376724,-0.3418006644981109,-0.6078035450334098,-0.05565578395541366
2015-06-30,-1.1488209265310432,-2.3698507300038787,-0.852358737559692,-1.1850790938817692,-0.010677094346206631,-0.6319429848836531,-1.0718078010009073,1.5602755022900456,-0.4932846077204509,-0.8543937610207928,-2.2781038020994004,-0.5718634579739708,-0.7226080377676979,-0.26935309168251553,0.1341472601728701
2015-07-31,1.656753820696253,-0.3004199998638259,-0.4106566376199418,1.310159748122504,0.6467786339489402,-0.10316276325513773,-0.6470394176439881,1.1500755247196794,-0.06556436509049142,-0.4046405514088217,-0.3549469397146399,-0.24481307635736416,-0.33636898499227125,-0.2285594036758075,-0.06238134259312111
2015-08-31,-1.2179570355973883,-0.45759178523543215,-0.8672783314163338,1.315454261227909,0.5821003835873778,-0.2497408547141467,0.8370530378118899,1.3942417262823492,-0.5023156236260596,-0.838832157590925,-0.9338166022822049,-0.5901220283849865,-0.7662304903359711,-0.26047360867398944,-0.10358641702574081
2015-09-30,-1.6980434378259937,-0.9028193543048677,-1.1362473218513098,1.5940731144911315,0.7921166947593963,-1.1769047016205536,-0.9747409373386334,1.7886102264196986,-1.1969242709754513,-1.5403882105486408,-1.7084012054852586,-0.8001323268360333,-1.0524821765705736,-0.18160215616855682,0.1308814049399499
2015-10-31,1.4199825610736876,-0.9211652856309339,-0.8882289799569698,1.4127686425623565,1.5430872610379591,3.105582173071034,1.5959982641041592,1.293361387973118,-0.6202245931384405,-0.9262543116139699,-0.1461921845219269,-0.6981463551367193,-0.8251455612756996,0.14840332982201832,-0.02109936402424612
2015-11-30,-0.5349386997235208,-0.5154330577848628,-1.5197377732488107,1.1408490262782023,1.3722523295910978,-0.4335738818458028,-0.24686946510972307,1.4001553932886033,-0.9323215110187916,-1.1983243990148595,-0.4429131338356404,-1.1754455961433932,-1.5145916520647622,-0.1709648070894716,-0.04743079441365387
2015-12-31,-0.8302683705564208,-0.00347139226914853,-1.4762532472323282,0.4982988182088683,1.264084826898667,-0.4683423360731301,1.1102147576245522,1.6383364894037047,-1.4584546608805498,-1.6652936969471734,-1.0134753351001429,-1.209077302758386,-1.5172775654227855,-0.16677330955103314,-0.036430469183246286
2016-01-31,-0.6466229483726634,-1.4569805869722166,-1.7950341691869458,-1.70344733565783,0.22193265220861325,-0.3320496014987618,-1.9735564854505245,1.8785738318492053,-1.8415919098046016,-1.9986358302026992,-1.0835879532394264,-1.6367895828064418,-1.9366209332301167,-0.16660717963897362,0.00637655595963573
2016-02-29,-0.09681514928705491,-1.0991856853448363,-1.524962314951083,-1.3276255671412518,0.02673880117965811,-0.6502547872064676,-0.6050746332249385,2.141845805346224,-1.7940837436490233,-1.9280969720649517,-0.8148202372161796,-1.544882615217084,-1.6552639453522777,-0.07963691170041717,0.0339015516756812
2016-03-31,0.2259262188513154,-0.3547147383706463,-1.3557221205662908,-1.1631185821589962,-1.1182117681981727,-0.6877960732937896,-1.3416716246760527,4.246088042959815,-2.190987539196983,-1.5247618547166613,-0.5246852015735874,-1.40473940266028,-1.5475616819401432,-0.10899468433974886,0.22774126056283925
2016-04-30,2.804103162460736,1.9505795692318022,-0.3918136007366062,1.1006436802884856,1.6555691858598396,-0.2893672927690085,-0.229980969629866,1.4296699548154694,-0.09571128052683978,0.9414534385688605,1.9469840434553671,-0.505440125249284,-0.31085946766850414,-0.3109258647657388,0.06453852113757116
2016-05-31,0.4923721920918709,2.2355801566029125,0.01737189320173074,0.6658843578505572,1.3370894869553966,-0.32548741345884996,0.5582574565406447,0.8260088295334143,0.44023892692968297,1.2595107273062842,1.9960715043849204,-0.17749373614105374,0.10463598971429768,-0.38334760046520094,-0.0063273147533187786
2016-06-30,-0.27983272419888294,1.8198714976471417,0.22601025206662628,1.0963855352192513,0.8117021680909263,-0.5184224492001374,0.6893574168532839,0.8208661259815017,0.2976908940816861,0.9237128849847178,1.2309009015733754,0.03893034528313147,0.3466975189071156,-0.5823633189664601,0.05806202546381575
2016-07-31,0.5108933702303148,0.45744023054903776,-0.044833493745675704,-0.9843226423914601,0.09890896253390204,-0.4239075059148904,-0.5073830529439848,0.29048451052039187,0.7962758759847276,1.1897323441135492,1.1885174474555475,-0.0989751311351706,0.0015452337461061216,-0.4189201849320043,0.018877643812639348
2016-08-31,0.01816330730725962,0.1557310123580673,0.31016453691921414,-1.0938888357503451,-0.0035773718279641293,-0.12267656662863238,0.2020770508847458,0.08920448799173997,0.8210590163276607,1.005906892251559,0.6592674987858509,0.2303359420054382,0.360902443492631,-0.21167390419467003,0.01084079061976243
2016-09-30,-0.05815977041754379,0.2967477387816723,0.8610430906175729,-1.2646615008081858,0.1554419555778428,-0.33144195291788664,0.4682044849193246,-0.031239030671457616,0.7848381426457577,0.8343621817771433,0.16586273476592622,0.6791165141632275,0.9257253683441744,-0.5520848468672739,0.039891329027302025
2016-10-31,0.2680718372485975,0.14256243148701206,0.46326917038135307,-1.470942285545451,-3.999543121555589,-1.391137293173181,-0.6698147828283296,-0.39729626241981425,0.9699306836141702,0.8517729256691683,0.26235763124719513,2.6753300885370552,0.4752355346095465,-1.8126103563143772,-0.08497273433274569
2016-11-30,-1.2121906705247103,-0.6263024756116525,0.22683756784311693,-0.2171134380743969,-1.8643856128343126,-0.8282479514253268,-1.018960656473246,0.26320087941352605,0.16208839793412033,0.09125623749265482,-0.6718527206470758,0.6447663156523604,0.3396835614572121,-0.8574182205723181,0.0073817335135237
2016-12-31,0.01017518590589625,-0.5933796274963772,0.5848287536061028,-0.2011841258011891,-1.751782425675627,3.074794588748656,1.5979383979743969,0.06858808684806347,0.27886020219232555,0.08625926125413941,-0.614328981392962,1.1319402895116906,0.6942298914771594,3.738960233961662,0.04191908733462824
2017-01-31,0.4133683597412655,-0.522248259102977,1.0837988607640698,-0.14051057167247666,-1.7365048034847472,-0.22228528872810557,0.750699934243194,-0.5850041244774007,0.7504995520252674,0.31497970022084154,-0.18890845809734635,1.8500627374145593,1.1240051209146305,-0.3965791319542518,0.10701178314389437
2017-02-28,1.2835284626726653,1.0560093776092383,1.8624679937330149,-0.4625742957337091,-0.7990358080063947,-0.18146214761342672,0.5154713200178176,-1.8349824181585803,1.7202660606321059,0.8629199349544929,0.8332145337859177,1.7496327769894677,1.5546237152055444,-0.47048507237121623,0.014739974892217669
2017-03-31,-5.088846019703415e-05,1.0324150368153548,1.741285082951669,-0.5005666070536047,-0.741211968472805,-0.2626606275690803,-1.5739061912520056,-0.22638797629679355,0.5026600127997474,0.6987033839123743,0.7064851974621947,1.5336728521038925,1.7941640300205162,-0.6397444705844925,-0.05261854552023043
2017-04-30,-0.8690957900521163,0.24302704719644566,0.1037273863311194,0.33204866355068224,-0.41803509502884706,0.08175334827619649,0.3812115298623252,0.37964368078654726,-0.04506912627362894,0.20083866926860763,0.009149949661152578,-0.0071632376407168635,0.183742671046567,-0.006777070135875041,0.04794782240967216
2017-05-31,0.41299582590385486,-0.2850686371565318,0.052264028557705275,-0.41356667535662517,-1.1194773354539898,-0.08857517026483466,0.06758085967062377,-0.2597489912166335,0.29885332147330546,0.32085951148401487,0.19586346836607182,0.1380235239152141,0.08419095781137378,-0.10460698956174089,0.07874541019429528
2017-06-30,0.7673928808761208,0.19015959550748587,0.45827461531086283,-0.005016625121718222,-0.9638540155567032,0.2243551362240234,0.4445579368556498,-1.123107729235409,0.8719426965749587,0.5678799724197685,0.6123411278517262,0.4984889534495627,0.39768628225578084,0.18604649606381338,0.022674768251608194
2017-07-31,-0.03504387614096324,0.7851089877364389,0.23476721182674085,-1.1332048329103401,-0.9209578896754048,-0.05396008160791424,-0.08875519775493373,-1.2574697194765097,0.839424060194888,0.44264492298483726,0.37446702317351865,0.2668100825630202,0.1667138537858053,-0.08385788201765802,-0.047826161963825956
2017-08-31,-0.9459749837510661,-0.10693134177962758,-0.10133037181496862,-0.12208437838241291,-1.0236015922415465,-0.6060891969356192,-0.835310347229217,-0.6379379586781939,0.2442045885585517,0.011219147112594575,-0.3926982397206396,-0.02240007769777057,-0.10279328426185642,-0.42349211264171865,-0.05050889273370516
2017-09-30,-1.0006112831794756,-1.2603439359615745,-0.4054901020504703,-0.6597118554927389,-0.705284293257662,0.6145852116742603,0.3223848136837362,-0.0007633479444730328,-0.3077947093037239,-0.3868198010640159,-1.0285671012843642,-0.39825772108284885,-0.36729290634884365,0.29777457192625456,0.11827038278679274
2017-10-31,1.3834373448976838,-0.3947239615858701,-0.07296248652130533,0.9682197448994926,-0.18594535903988163,-0.5757118069294843,-0.6887365590180416,-1.2040659269921867,0.6587525770501188,0.12918739626600576,0.06681616274598536,-0.20731999662573428,-0.13268690890540835,-0.39879223139549425,0.1058994316207089
2017-11-30,1.2250901200966424,0.9293036504608081,0.9329308900808755,0.9770245111913965,0.2186657812945987,1.011616898275083,1.9010903332061615,-1.8437978745747496,1.3995206394620485,0.527331129970932,0.9911551983095029,0.4554976555207704,0.5913185382074214,1.0355000075018501,0.1423048038961571
2017-12-31,1.6517667983305848,2.5343457477980507,1.753289395041379,-1.3072306414900996,0.8315743003247309,2.753096987469248,0.2987762608787196,-2.1854376091620575,2.0892293526471386,1.0196256022771302,2.2420006896882634,0.786485929838658,0.9388020114973388,4.587067584952195,0.0025848156556317592
2018-01-31,-0.474404641100044,1.2612116730615184,1.3411412446398494,0.4794260464345937,0.9944482087852149,2.290996974169151,1.8124654399788669,-1.6213638380080235,1.4470438797886198,0.7426175780363162,1.3194970407062736,0.5080636577727062,0.6660928305920024,2.897261500701209,-0.0022613480804355873
2018-02-28,-0.5763879274891778,0.31809392434512274,0.5337649462780151,0.7308684711054018,0.5415477119534111,2.057814785180926,0.5355872101801986,-1.239511980820113,1.030736418442557,0.5152198366490232,0.46922777788546505,0.08901788157864181,0.033866723595821456,1.7720965140253557,-0.20273549638855126
2018-03-31,-3.44528146047235,-2.591184362447341,-0.9929104053524394,1.8190511819605828,3.115344767803097,-1.0500658817964361,-1.6243997384312667,1.7607212138110566,-1.9857347185227923,-1.4261990704506124,-2.4191390695086255,-1.2345513855629684,-0.8293133049009099,-0.5652385285559811,0.1207450111817246
2018-04-30,1.0928072332856085,-1.3803306608376196,0.09839661711944238,3.0742657007102223,2.5320187696774523,0.3221239528221959,-0.4833906712333556,1.0672527180541234,-1.291283714122794,-0.6386491091339064,-1.1479180994246823,-0.8496204079480402,0.2792890777215762,0.141740279459297,-0.012362843340713147
2018-05-31,-0.46285189773088475,-1.3425127884355392,-0.45419346625894014,2.652595094390907,2.0532686729662797,-0.06764803299575844,-0.9033813682542966,1.2843870738380447,-1.4693192566928,-0.9929760280081592,-1.2916256633976555,-1.0459397062076408,-0.3478645615036428,-0.18665941735811234,-0.044700585108330235
2018-06-30,-0.8449367233925031,-0.05322637358602748,-1.3888631445504032,0.4529255682644522,1.189234401642317,-1.2754171635154727,-0.5366394536866549,1.7471504298156273,-1.883723992860925,-1.7527517515573885,-1.469456473342456,-1.3376310962716782,-1.426424983001325,-0.6189745341484602,0.0648961840696214
2018-07-31,0.6011892260730497,-0.4366088421948117,-0.9894462885309468,-0.3000181348981158,1.3799431258776538,-0.20000534016023344,-0.33546783663471347,1.0059196096431142,-1.1116712428516273,-0.9237080974547428,-0.4103287907775849,-1.1601938262531322,-1.027617522152801,-0.273363841016534,0.018975901459005604
2018-08-31,0.0046578504553989215,-0.14443143937898134,-0.4760400602729446,-0.35440024935751624,1.3197885917639949,-0.9066067094461783,-0.8077033161452482,0.796618442931808,-0.9023173063559039,-0.84262736559859,0.023302194515835036,-0.9113100579506802,-0.44798054007098875,-0.7361530999601844,-0.16055070167272598
2018-09-30,-2.30821783199758,-1.0788962434792577,-1.2332604605411508,1.2978284563053535,0.7332876819778564,0.5727004851346805,2.0105319052351334,2.261131061385009,-2.41129722328735,-3.442522297952892,-1.9095562328498557,-1.160343737391077,-1.1418627070544383,0.010749235612609273,-0.0016064260482735768
2018-10-31,-0.15245323604140937,-1.5319574397205395,-1.8857263157557862,0.6456674620648042,0.0035294550204446507,-0.512096124104174,-0.13131510442055738,1.8604139329242557,-2.077327138777295,-2.880054395616941,-1.4825311811194553,-1.4278330253825453,-2.1237558677609103,-0.2701373568360383,-0.004834820054583405
2018-11-30,-0.17027992667746333,-1.5775783757545496,-2.2592170192128624,0.3788268571871093,-0.06263413956348449,0.7163270951877552,1.1331145424871594,1.6256081703990062,-1.902303625981742,-2.6294656982712623,-1.1813411032873513,-1.8928409316676822,-2.6742038420715444,-0.44931390476634037,0.05370153924797616
2018-12-31,0.48746430377684985,0.09448505066145689,-2.350255433882733,-1.2451515579570636,0.06044817924846761,0.7563889580917755,0.02734418800928358,1.0531938250524737,-1.349871074585896,-1.7130061058484645,-0.5097166214158312,-1.9558373824781785,-2.7110551672389844,-0.6627379741616661,-0.08446057683120965
2019-01-31,-1.188285552046869,-0.5392886981905595,-2.3352078468187276,-0.19976302908762517,-0.10223390454813791,-1.563849323794345,-1.3740769623979714,1.5121569690648848,-1.847342283789515,-2.7704940646449123,-1.1024902137280115,-2.019950647092026,-2.774046763251314,0.3969841681302023,0.09867432275901462
2019-02-28,1.0352415274815343,0.2207205245335535,-1.6908675850314612,0.493874953639683,0.46657455604209713,-0.7813649861461603,-1.1589289582124847,0.654856307527661,-0.9714368915943304,-1.238316564479931,0.22506365126448388,-1.4859195956412325,-1.821744804020241,-0.08267248615172071,-0.07643287875164692
2019-03-31,-1.0039226178150888,-0.7192095577171491,-1.0909500788132538,0.6639855651165629,-0.5117054355597181,0.8917673036986237,-0.1234826971290206,1.5529198406466307,-2.0689495763121246,-2.1543461168439046,-0.5786729327712469,-1.0720225529068022,-1.1311022986826775,-0.3652637481095488,0.07530016199848023
2019-04-30,0.7986941901226372,0.5494708305944357,-1.2041642131275812,0.37720225372936267,-0.24672344789913175,-1.2234158095799383,0.3450767890572699,0.8703279761060044,-1.4098667437651389,-1.1055382070887354,0.2009597687256917,-1.210965745728184,-1.3187784685422699,-0.15605207493047568,0.04938365200686367
2019-05-31,0.439630158703198,0.16772576146525595,-0.8696568502072702,-0.017431862726665383,-0.22309001297331954,-0.5510711035112037,0.12695142660956849,0.5019524361085329,-1.0207557500743363,-0.48276011864946194,0.5445945144714279,-0.8663052331608895,-0.8752219276736078,-0.31753528612963006,-0.06822263344532874
2019-06-30,-0.9055106307373316,0.21744707083093656,-0.9103874851570285,-0.18064234445829358,-0.06307811040048213,-1.321742608169187,-2.1282056030109158,0.811412064166979,-1.27857296127174,-1.4386397660565517,-0.24008405736956676,-0.8869928143988954,-0.9487841971533637,-0.2387672162098017,-0.04431528225790703
2019-07-31,-0.5609852572881567,-0.6773357189019769,-1.2461591743838971,-0.5853580563143425,-0.43033310944025127,-0.05606988430800095,0.9951457016673029,0.9247211019070957,-1.316905679916057,-1.9669534045003396,-0.7464769940888658,-1.258279662318917,-1.4671601655247937,-0.34066710919240084,-0.008243137026706324
2019-08-31,-0.117104589894986,-1.056106112280692,-1.2369559962666703,-1.5772086478357497,-1.2113716052971075,-1.106800001353749,-0.902878014939703,0.8104989568637062,-1.1822101586101388,-1.9564901253032934,-0.6470451424379823,-1.4142262118144724,-1.4738777410999473,0.05306649760836306,0.20818190198957584
2019-09-30,2.3353704501434587,1.0809117147516751,0.29948208673073334,1.4705355944978598,0.6261346379457765,-0.2293124864874283,1.1460695894519881,-0.4151801832387829,-0.06783059910222457,0.9475761162450763,1.3818250769486953,0.22649910735062723,0.48986869507461667,-0.4630816189131352,-0.09585068829094309
2019-10-31,-1.1485339739493257,0.6163389822873453,-0.13459850263045514,1.8908951792274102,1.1007109954719028,-0.17309024230705927,-0.22631369211751654,0.05083638363020945,-0.5367839164113465,-0.5078784033046758,0.06532610664576333,-0.1568916205938491,0.035475288483685356,-0.39815273261326695,-0.0747441790428667
2019-11-30,-0.83700364549136,0.10047301426797191,-0.40364587787594985,2.040157019825023,1.122846702258185,-0.5850769253656606,0.46609891462635406,0.3851165853204231,-0.7862018658435573,-1.5200457852445972,-0.5747548994842873,-0.3490962164325489,-0.3022268804001444,-0.419968028649387,0.004678371106100721
2019-12-31,0.06978932421557735,-1.381050417932494,-0.5421834252608418,-0.9430016483531133,0.8656064022972979,-1.1291293513460237,-1.7591812519368732,0.24375159777164007,-0.6618545931500572,-1.2497953631908436,-0.4452723418551974,-0.43760290829655407,-0.5155544511753806,-0.30288963809892727,-0.020432930913279298
2020-01-31,-0.14212505495918445,-0.745625205578272,-0.18715490290820616,-1.3355729278965656,0.7285591491458259,0.41983699008883085,0.08874422629897628,0.34161899092920534,-0.7515098607365487,-1.4387819123055672,-0.6692738445152372,-0.1264523226687284,-0.06307167468631422,-0.22790814237173976,-0.14545497285970438
2020-02-29,-1.5240562569086296,-1.3794856221334741,-1.3057681439269426,-0.30566405212542924,1.5095178417850688,-0.5363232393395572,-0.09389690761510032,2.6518402369170024,-2.193260166610829,-3.627118639843282,-2.3876589503705667,-0.9440702736896097,-1.6477571688650323,0.3450523582386021,-0.6645427683617218
2020-03-31,-6.914904106861844,-7.864257536005005,-3.3668080334008836,5.971998508528461,7.736312336225188,4.604197018688324,4.171376994327717,-1.6048618730277298,-4.437559835654219,-5.021054555632242,-7.460892012750588,-1.3737795512142044,-3.456532321077337,-13.776539870932044,0.15356408727546575
2020-04-30,1.1787866371245397,-3.152969520465127,-2.487379436072996,4.751222983695057,4.932194998011991,1.6907890920298443,1.3369890526533212,-3.8661252098495456,-2.0367511024747884,-2.1153406425496613,-2.7174243824829305,-1.0370135216911114,-2.1712081089015527,-2.000697990737881,0.015492411925557458
2020-05-31,0.29885494416876945,-1.8334282133536712,-2.293917967419878,3.5803204213612854,3.4675516506171116,-0.10499129393860002,0.6872228463529589,-3.0563680547979475,-1.397501207216055,-1.5029955320642614,-1.662843948773733,-0.9845994871590071,-2.0026326241331085,0.5112059494038862,0.09208514527338553
2020-06-30,0.7676189424460053,1.4858644822727218,-1.6733486762997398,-0.4914396658388159,2.8636417438139645,0.3729012981137155,-1.0194209980147328,-3.0213614738572634,-0.8195017516080884,-0.9562657875861407,-0.39189745352813005,-0.7064729369730727,-1.319302411220764,-0.09118143878759458,0.09374694672062718
2020-07-31,0.7337476813330989,1.1610936307786803,-1.1563317843674619,-0.7005267049068493,2.491625102500362,0.5278603845297088,-0.5003258617185635,-2.715118564364487,-0.3622811349511669,-0.5440830608592921,0.9253151695213772,-0.4392386057234957,-0.7884601553674471,-0.22881050013913376,0.32242807348722763
2020-08-31,2.1216516399580394,2.2968994643657883,0.03265245706431034,0.08362289433425883,2.5639097723922393,0.7948489847708873,0.8793523333512232,-2.805723530999239,0.9150187324042874,0.4174329935258415,3.6773143867056644,0.20880771728724223,0.24357167047621545,0.03480452720376237,0.09547500591315362
2020-09-30,0.6022815967870403,2.027737784896979,-0.33613107432734973,0.04674201265594042,-0.39708845852707236,-0.27119266550714216,-0.3642745455899459,-2.0704037791987444,1.5158562934628332,0.7483122261888479,2.543139368611443,-0.9121640118570732,0.12334135595801379,0.3464251472121148,-0.15188707149369948
2020-10-31,-0.8546811151050399,0.9911664182111208,-0.491454951582577,0.9862985666454032,0.1244302749264164,-0.8766909753553258,-1.7137875323917164,-1.3709276821593743,0.7773808535735747,0.32968247314607196,0.7530161650014326,-0.5851291159881405,-0.02490052439776504,0.7905119962443528,0.2503013920182161
2020-11-30,1.4387502385351574,0.6880523549278755,1.0118200681725102,0.6163524822288289,0.20589625779787882,-0.4386281370993272,-0.8595604216061097,-1.382802815774244,1.9898422799212303,1.0507092501831974,1.5043279065474546,1.0626953727257482,0.8628302959677694,0.1647544422837745,0.13334466869530853
2020-12-31,0.6968728689250766,0.7582156014615441,1.6741205469219695,0.607944055529178,0.16410869348133145,-0.02007795453557183,0.25102134066414544,-1.19957472787016,2.4912231100277022,1.3495612655746199,1.4443358537533424,1.7235415683898174,1.1082462839235392,0.1769282504034273,0.03089048701933851
2021-01-31,0.1290759202561792,1.3034788556943484,1.8087654413140752,-0.30716395951651704,0.17589427661307194,0.645664259049679,1.7925935938953121,-0.9764524716397992,2.251130307724234,1.314044181003582,0.9048049626123279,1.823649782839022,1.1414366719576234,0.5431923346197118,0.1435021150427989
2021-02-28,0.7051895343517207,0.8763253143130798,3.455849302793593,-0.7477703660581508,-0.22429931557572105,-0.3780035657135724,0.28919513013112114,-0.8618638849316199,2.5049495286383303,1.4938614100650522,1.14853422006605,4.399682531593214,1.675988694316068,-0.4623005419076399,0.046133146709993474
2021-03-31,0.1744218754060308,0.5700779558831425,8.906395201437423,-0.7405134487315621,-0.23945025711782755,0.10777396896772953,-0.017509716728410552,0.05749616902406513,1.7288089863635376,1.405678805883892,0.9013485613178099,10.678694945682253,9.077930747748091,0.7864928832863229,0.1117359553127386
2021-04-30,0.49772822014259155,0.7744599106908934,3.8747730134334697,-0.8188036166605575,-0.9502604792306055,0.5010169512289792,-0.35777733343740614,-0.016771745639336647,1.8326805632299412,1.4113389919140684,0.8405670842197259,7.010456005949203,3.491131301670479,2.6207402108248643,-0.02084395691478484
2021-05-31,-0.21639585116236057,0.2532885798757754,2.752512400770531,-0.6495398630679063,-1.1095402282091196,-0.9564398713909557,-0.3883365505455624,0.08456013847017194,1.4647614661770245,1.1972083557416224,0.3395774522396437,4.43939235891326,2.634179967909004,-4.110400222087895,-0.009620083811022714
2021-06-30,-0.14116599834893967,0.07708776220861284,1.9361578621970872,-0.5795704661286672,-1.0930539522191498,-0.2919278083303391,-0.2703680639205489,0.1627748900688784,1.2279547909371449,1.0564803856793814,0.06416549759850518,2.6520948874554553,1.9013381417663442,-0.6889887877730714,0.059116647763728686
2021-07-31,0.21180539355689548,-0.08161258460624277,1.6121013193801714,-0.8393473647420742,-1.081754524227554,2.466635248021068,0.4824332699345573,0.15699085816473723,1.207678383235814,1.01084561117067,0.0853715945827199,2.1176104883836575,1.485403835417801,6.984818303248812,-0.10561364817404949
2021-08-31,-0.6909452391017774,-0.3445601807356357,0.4502529886251253,-0.4890579986474836,-0.944586360568128,1.461530721780022,0.9135548866903538,0.429683729605994,0.7703397828258246,0.7311080920333296,-0.44195429886226884,0.43426435536001884,0.5227720369473515,1.2259704740691726,0.03946411098824211
2021-09-30,0.1048509613393157,-0.2077605352922963,0.306900167633481,-0.45219377177792447,-0.9631442844731828,0.19835473380409271,0.24090411434241152,0.44207822634756927,0.7788614912464793,0.7035278846591193,-0.32873246054438426,0.28423113253661564,0.34571908234634624,0.22971535893101042,-0.031897870604926354
2021-10-31,-0.24103261474348286,-0.45892917348731066,0.513409284438233,-0.5847781256186403,-1.135609666947268,-1.4273760039410839,-1.5859122460278945,0.5375986444002518,0.627815550348535,0.6368972852329093,-0.38585241487991495,0.8155640633815746,0.5780741631421383,-1.107453020144284,0.324374950878297
2021-11-30,1.684061798207402,0.8440571364746604,0.6313507530664005,0.4495994378149237,-0.08057293722783129,2.425520252661098,0.5620254522999354,0.06106031719722826,1.3061029493228817,0.974462125484105,0.8942625348864045,0.023908201209888128,0.389608811087623,2.6965186129797645,0.08309819003311304
2021-12-31,0.26536135107564857,0.9236155864271715,0.47896213127408044,0.3843055780368704,-0.12158269079395503,0.44011945947106174,0.39759347105711196,0.04450835769254993,1.2287040387325074,0.9116322271805205,0.9090067960655954,-0.051489462245308024,0.22479648883526787,0.5470295366954181,0.10254813935655996
2022-01-31,0.3489350157081868,1.242486552874139,0.5901726939291975,-0.07381030374770879,-0.12888720466537196,0.18874994414882873,1.248332282009309,0.0004893553914093532,1.1838190036705865,0.8662776417662651,0.9794246965726345,0.006590994605265305,0.22337927663640708,0.4241956207201682,-0.00226569087179119
2022-02-28,-0.2204365800340635,0.2153380561232222,0.2445728316602861,-0.8018410396020789,-0.37339432926149735,1.2042509300828959,-0.2889407081064056,0.0476885831610902,0.9168042699730964,0.7111228316097935,0.46118665246111906,-0.11436931908050553,0.019394832050686612,1.0146163787085904,-0.16787924664801693
2022-03-31,-1.1311295504099435,-0.5436108812001035,-0.16851347228717461,-0.07955186501218332,0.05451970071064968,-0.7284612430576912,-0.6703771317063271,3.0886789654825013,0.0720319319334834,0.41681538354743,-0.5476704856608714,-0.46696415125608653,0.07552993256059512,-0.313579806796423,0.21542289172228654
2022-04-30,1.1953087097005362,-0.3771296308240511,-0.044326755675705966,0.5231395867829194,0.165411098416993,-0.2080045218513888,-0.1906051351626709,1.743338456882275,0.42902772279629436,0.6201269440364183,-0.06789801441675301,-0.41590641464395584,0.06873123019342348,-0.17351810486033417,-0.006945477204233698
2022-05-31,-0.6037949356249055,-0.614618594165751,-0.07410692646514985,0.7289804140988837,-0.2771200407550123,0.004478730388104023,-0.6284258378561298,1.672493332883327,0.2722536940015094,0.508651022173035,-0.45933964532962823,-0.318620080269038,0.041924071067065596,-0.11852910218800729,0.040270078048967706
2022-06-30,-0.22284723675287618,0.23695118614739724,-0.034976584852150785,-0.003699153471343609,-0.23388111110147147,-0.799381264827057,0.10792584382767452,1.3955933641135578,0.26880503139952094,0.4983525862624159,-0.5558648090299638,-0.28211835189867074,0.04596108918764568,-0.5699994018323572,0.034273402567760014
2022-07-31,-0.25297350819356196,-0.7449667968864788,-0.1522383285788748,-1.5408593421037757,-0.22518140522484764,-0.7213899690392176,-0.34454723719991504,1.1671935469194628,0.26340898964451276,0.506187604219665,-0.5458600775783253,-0.3281210139629869,-0.09940955564497866,-0.5259777948796817,0.2977057907003631
2022-08-31,1.8369998714049738,0.9310069026842474,0.8984605464582038,0.5134895668326467,0.5980140068124107,1.1112018123574974,0.38946963954987196,0.0832282050955427,1.83922357178774,1.5969235230898327,1.334464241563315,-0.010795740099055923,0.4042939180076774,1.5174687136095448,-0.16783675670894446
2022-09-30,-1.8442880723541624,-0.16412844830760906,0.1820256600701994,1.8342654663201345,1.0902926857181536,1.2465665317499186,1.0130685405321513,0.5522010312825318,0.21461101034815716,0.40314238382815387,-0.6654248257445189,-0.3351604489405206,0.07733329035086617,0.996229992135102,0.13735588433976303
2022-10-31,0.6399136201057998,0.536167472265664,0.6624897739558749,1.7001731107567946,0.7275263804385609,-1.0680636010516587,-0.04583032855299372,-0.023638216858568012,0.9458440785446856,0.9783063754502397,0.1267815160443053,-0.08208728917952943,0.2527311643104301,-1.225389147843547,-0.020112176903975695
2022-11-30,-0.6618529171613916,-1.39311276717903,-0.4904929455259161,0.43805414653057867,0.7538365214397952,-0.9015569018154824,-1.1260089618272489,-0.046078458279486076,0.40766849249301407,0.5865320631081758,-0.5433863092348181,-0.6225920692671439,-0.5759173349741544,-0.6580428879352107,-0.1242512781273803
2022-12-31,-1.453658025650966,-1.0264748364638796,-1.0829583843840396,0.15881393753032655,1.1817999982876222,-1.5116494427833593,-2.0974916878015155,0.3590370077819561,-1.1670152922166261,-1.2279695303328753,-1.7244661961971002,-0.9034801751699202,-0.9424162631228377,-0.7111386388775703,-0.0987607028952114
2023-01-31,-1.1204852755947485,-2.3056905684628,-1.5395499707609255,-1.0336312198952209,1.338813933298729,-1.3739806780943449,-0.9708412458484776,0.7814262547025129,-2.1780896013854263,-2.657525632252839,-2.310175923207023,-1.0782616741118674,-1.2975060198854973,-0.4619593904067591,0.20805862959121604
2023-02-28,1.3300560244984654,-0.7962739640603292,-1.0785036392116591,1.0886019500389503,0.6236031791319706,-0.5838044149467463,-0.22853251019256207,-0.8403235156991722,-0.22334423558205854,-0.3849284490143526,-0.44646775449671605,-0.8641307242277393,-1.0161932549326491,-0.43908473038956625,-0.0658001351014058
2023-03-31,-0.7971648181088016,-0.4088280427897143,-0.8008698175698167,0.7422430479923288,0.20585792813722123,-1.2696136580468182,-0.48233267481589603,5.512185752857978,-3.3759299791028625,-1.3891452666298632,-0.9499812602974856,-0.6920375506251107,-0.003000285627780064,-0.8158030288695951,0.05883071858907307
2023-04-30,0.18102612263713536,0.4989226773841158,-1.156783638972951,0.18246388519282486,-0.08513877398489174,-0.9237885881489903,0.03535136743622851,2.5383258170449374,-2.3615163754816977,-0.9432271350846774,-0.3534890039096163,-0.7887017041113447,-0.6598168287247056,-0.5093144501943351,0.13984614462902217
2023-05-31,0.8094558704360605,0.14875229592380773,-0.7063704852889668,-0.4203846040748742,0.19720767701798664,0.797976258438105,0.8623420146738999,1.2998976952604877,-1.1825733598770578,0.2875491827052644,0.7364601932352175,-0.5832179272605441,-0.1308183097181538,0.20865812618567933,0.013289540878110486
2023-06-30,-0.1930288527654608,0.5943191057022197,-0.7612675844685339,-1.115125668404861,-0.37179168681441616,-0.6984905517591247,0.6043970650968675,1.0332126054698423,-1.0842504888812725,0.06930914164222973,0.4311555422976607,-0.5053021316411817,-0.191142904938691,-0.5828670273877719,-0.011233465387426707
2023-07-31,-0.38407316908037004,0.16873399411447557,-0.8918620840566158,-0.8189334769443944,-0.9459479335507939,-0.162290392699145,0.8441444547742063,0.902950331404943,-1.1784079761487223,-0.4056626959530823,-0.15756613769410766,-0.45315213324687437,-0.3687593547414967,-0.3457974091379243,-0.08756321355813604
2023-08-31,-0.9309445393801777,-1.132357730001668,-2.254125582735923,-1.3611735765836925,-1.6154640581712267,-0.8658135980079233,-1.8057713649920688,1.0670665147736647,-1.83759924518861,-1.6189315914399591,-0.919106458343099,-1.8835174259215917,-3.1479362726656377,-0.2880001213389271,0.04063854755120188
2023-09-30,0.02043820668612278,-0.9648991699019089,-1.3373162886755812,-1.1088533054416,-1.9045493678213115,-0.29064418700406264,0.02080124650728724,0.7355973371789088,-1.4794734584817888,-1.1711942955416619,-0.8036226518119176,-0.8033659367853321,-1.2882560676098922,-0.30450927876997747,-0.011118331683032839
2023-10-31,-0.3685169543237006,-0.9429190960222448,-1.6762066548718648,-1.0734432748990264,-1.931707054899343,-0.8796098925086869,-1.2816100681823692,0.6408897402243161,-1.59546714793567,-1.2786641297679366,-0.9977318284548594,-1.4129625980209433,-2.07014071573416,-0.2784476225485051,0.04979320870535074
2023-11-30,0.08255511305890068,-0.19710438552037823,-1.3200854437308576,-1.580168822208682,-2.9173313398441296,-0.7196405673160207,-0.1755987465032791,0.34827520720183924,-1.096570950117188,-0.6856063325913371,-0.6022693169811997,-0.8525039089202104,-1.4817007588403073,-0.3840886378551879,0.024915298295672933
2023-12-31,-0.020949969749203313,-0.23382989698900353,-0.7627913417845229,-1.4697415497695587,-2.372127801362271,-0.6020571298699054,-0.6056662934256732,0.14832891393557524,-0.8270646438126324,-0.46438499709421266,-0.33767123796146087,0.6440047056393405,-0.5404273916243982,-0.44835205048674726,0.1214998874377286
2024-01-31,0.8213123316012344,0.6410971117179577,0.10189774158479022,-1.0351473807990517,-1.5409991643553058,-0.22305175309796924,0.5972416877857984,-0.38586034059539914,0.38995872027063305,1.2540332263353795,0.6477585283051842,1.8706798763234038,0.6282428047203472,-0.43068330037317054,0.05866159314348661
2024-02-29,0.27852887870162607,0.9089974269542231,-0.4267668052077268,-0.9787863361336928,-2.039750472226186,0.9537017613035954,1.5369593733278983,-0.7273913782394672,0.9243499170080176,1.6678536674932378,0.8825858652441677,1.810434165621828,-0.37257476504834414,0.24397343161607118,-0.0803622638766045
2024-03-31,-0.9195040861514042,0.1479730017123739,-0.4365119349048192,-0.14409268827106736,-1.2335694686518932,-0.14276136136295633,0.5808783749380259,-1.1029817725845819,-1.713576050027594,0.15205909610285293,-0.23361122363692557,0.3654855799185021,-0.5624977653327299,-0.22249909773374685,0.07867385211709996
2024-04-30,0.41322725206217326,-0.21185023676643375,-0.35303536135985225,-0.3779956319708975,-1.1384008870705713,0.5049236855769816,0.6557714497830074,-1.2622421435314586,-0.8395462498723082,1.1690692499942497,0.12900096873924055,0.48500665530864157,-0.5402786174375851,0.06084207973178731,-0.06382699411431701
2024-05-31,-0.8440488801919913,-1.110732316552352,-1.0026125845157439,-0.30852647216067547,-0.7682900892534941,-0.18404077203665317,-0.7523293480452445,-0.9662799664146963,-1.5088086347898444,-0.3174982872285201,-0.7465160036103939,-1.080904796464129,-1.2858593955241682,-0.10949332344907366,0.16249027344612654
2024-06-30,1.2822672534894493,0.680266905095283,-0.4589086482519585,0.1943161000734249,-0.29832096268864006,1.8949117234951731,0.8142979226646483,-1.3565295094407916,0.306730685710204,2.3330470387685946,0.5019760043441032,-0.4454788322562477,-0.740151555094858,0.5635098934692981,-0.03635475642699039
2024-07-31,-0.5846375733534313,-0.12234119089514728,-0.501860010276016,0.34575140611134414,-0.3423414830431785,0.3716909539292532,-0.27024148839966494,-1.1413961421788648,-0.17371459599454034,1.0221640037242132,-0.11838997774222924,-0.4952998275991548,-0.7420435631602683,-0.00855081001005269,0.002306806097915092
2024-08-31,-0.2107890770475094,0.36159576277313377,-0.14601983602200652,-0.019466268249206543,-0.3579720762421884,1.7107322637450746,0.7959197138649255,-1.113568735764761,0.00876430689393126,0.5178756455407204,-0.19025978226969112,0.03967939386040418,-0.34048033725553895,0.6864614365566454,-0.021396638993547833
2024-09-30,-0.36378049816309976,-1.011684379665472,-0.3021831813213911,-1.4723488368102862,-0.5090913405237505,-0.8073244562731171,-1.0078488922966231,-1.0565365784915977,-0.21057059335844464,-0.12607776746358929,-0.6007498850524572,-0.09350047087100768,-0.5133618620168648,-0.5052154402625054,-0.025555497641947457
2024-10-31,-0.5105610346989475,-0.843904255559463,-0.29446099794658986,-1.5097808147368894,-0.5412296789684704,-1.3092457115470375,-0.6639789030994667,-0.9864809752865848,-0.4224018208212124,-0.874155814960202,-0.9085347255657027,-0.07590597915604858,-0.4879226416206188,-0.7960161222135156,-0.03486225282704009
2024-11-30,-0.5590641229022391,-1.098127939206619,-0.7967186901563834,-1.7004624161265338,-0.5843603031914932,1.1626175517289878,-0.024161508952973268,-0.9217949063216764,-0.8406075812134651,-1.678755043637289,-1.3547768104497362,-0.5137786873088908,-0.8174904627504767,0.6325742404835334,-0.09855055739604991
2024-12-31,-1.2908516156060734,-1.7278574959966697,-1.6018066125750023,-0.8606300671954997,-1.689891389993624,-2.043860170548405,-0.9465676768576923,-0.6341874778768595,-2.4824156860488764,-3.497079516322795,-1.9639489948112432,-0.8067970372092669,-1.2981728586620092,-0.20776264645244827,-0.06944879761017377
2025-01-31,-0.9834356819684505,-1.9344182391916944,-2.5309825611454753,-0.9577079974564787,-1.5261753855757738,-1.0605572018092886,0.016937596356791387,-0.4054324668630541,-3.033472521495123,-4.206341699768253,-2.1502799380901307,-3.1186789485709334,-2.0533311458301755,0.640071647833357,-0.23387760572648075
2025-02-28,-3.0010337324032546,-3.6491303636557317,-3.3951613507135754,0.2536279021306659,-0.12522248591214763,-0.13428485464535334,-0.6555099245023592,0.529683178823898,-4.11901074493344,-6.156371906177442,-3.6779539506977805,-2.9910896912674394,-3.2469166637190723,0.5955660478844927,0.11796470048527453
2025-03-31,1.3985774708068035,-1.3894068439349423,-2.046905584083236,2.516777114738559,1.1490610984411334,4.192218568330668,4.808344242140341,0.5557278365293358,-2.90090200315476,-2.7918761695097882,-1.4821254465048992,-1.6346023069037559,-1.9345361905600047,-2.1035978944841784,-0.07823650646952235
2025-04-30,-0.9198040136185889,-1.3327565749112738,-2.3143040871612395,2.46826937493721,1.2107405336780632,0.391263741575698,1.3517772550614529,1.2697048470976993,-2.343704732268261,-2.861655697327828,-1.4613559094426627,-1.8023878429755822,-2.473479229089013,-0.26268761595887735,0.18355550164736598
2025-05-31,2.057547712660723,1.4296721284372442,-1.2693454121933572,1.3750837376034635,2.7853320815352505,0.37766992223012813,0.8901241885531427,0.202453478488808,-1.1667691685652148,-1.197136407298743,0.5029714368180801,-1.0439438650725084,-1.139412231357156,-0.11192779150827044,0.0023328522687364865
2025-06-30,0.0243424311970216,0.6521752425185154,-1.6677133760339486,1.2595792629762406,2.461547772530181,0.6620293665120306,-1.1597613344982285,0.26017538870929413,-0.9533896742259046,-1.0831372169305917,0.7423114550601422,-1.2212057506632932,-1.573082976553878,-0.4352283353510083,0.05776406504996428
2025-07-31,0.6227628394853034,1.5645339198051884,-1.2411861271864286,0.30940939597704,2.198235838993642,1.3110080380350082,0.7747966369874977,-0.024450571614288097,-0.5827065347609172,-0.6606354018459352,1.3030904917051442,-0.9856263755536062,-1.1195076974542977,-0.8319258496900372,-0.18607628766537748
2025-08-31,-2.003646417430197,-0.7888131635638257,-1.669559989363901,1.0200583870679656,1.503715835888607,-0.5401488050824945,-1.0363524578591534,1.378281847286983,-1.0709265188002761,-1.725130499724827,-0.6738042408309349,-1.2385202051789275,-1.8315908850665332,0.9551913556799094,0.021697827279728552
2025-09-30,0.23289172147958073,-0.6545433036368112,-1.4355655913272658,1.0191437847337854,1.112769448046101,-0.17878520578448073,-0.614758746138604,1.241481457108048,-0.8146462200258434,-1.399234930377746,-0.46295590506609396,-1.1675051295402898,-1.5076461922179896,0.3729305179262458,0.031035565622233505
2025-10-31,0.3349161117399396,-0.8004637898976784,-1.1688766657934275,0.7679031048458326,0.8641472919355654,-0.5609226820534199,-1.6937794556285026,1.0379083481170301,-0.5816604748291624,-1.1039818550491602,-0.320203352116078,-1.0200224527769346,-1.168258770606893,0.7262910609606579,0.02599610623541604
2025-11-30,0.26631638852708633,0.5012526674249728,-0.9392114858240882,-1.626741255780832,-0.03655149093859381,0.8290939852218695,1.5752282336797292,0.8695502743958595,-0.39641468480714614,-0.869284735506622,-0.011325498265791847,-1.017565370402837,-0.8863326842020092,-0.6184866353452992,-0.07471088120808415
2025-12-31,-0.7328581739915452,-0.07780046974427478,-0.8159278647299879,-0.497834422849118,0.021396060522027457,-0.5582157629885427,-0.24322254131902143,1.4121016337985464,-0.485530969056107,-1.1356976388609967,-0.4839822908155072,-0.872450122050227,-0.8058362292090141,0.47675942764873547,-0.0941077368018487
2026-01-31,-0.8777280697797633,-0.8123849381873741,-0.8158417799939762,-0.43681236499905035,-0.18256749981535758,-0.8144745509184229,-0.04571373032721847,1.8835892892042387,-0.5865253290822583,-1.3731000626697893,-0.8466888812275565,-0.8891143540250048,-0.9004768726708545,0.6846474842700594,0.21522732836772757
2026-02-28,2.338856150778414,0.42364065809701057,0.8412303902713967,1.6944074367818338,0.45619491878759455,0.19894368352307085,-0.36607504814214403,0.18741141413086296,0.16299290485791879,-0.21138778545823034,1.054331797621002,0.4484531112097045,1.1204652401184045,0.266151571863659,-0.030762892926771822
