KSB IN Equity,ret_1m,ret_3m,mom_12m,vol_3m,vol_6m,vol_z,vol_trend,ey_z,bm_z,mc_z,rev_6m,mom_vol_adj,value_mom,liquidity_adj_mom,R
2005-11-30,0.17914659586177023,-1.0262100504406577,-0.1923129631965296,-0.47414215561866696,-0.5455772948932418,-1.4475972588997867,-1.4045569266992257,-0.7554285443193133,-0.496987736138066,-0.6055001699542201,-0.6184327210243685,-0.17465954254995952,-1.0947500944706388,-1.1207186243124871,0.0749976519277083
2005-12-31,0.16454041167676284,-0.6306330772793293,-0.5430860609434403,-0.16228903436120612,-0.5377633220138788,-1.042000183818741,-0.45315148609612266,-0.334230926191294,-2.114531372742443,-0.5368779132113053,-0.36444641956078394,-0.4067874925210369,-0.6946167191177302,-0.6732777898279211,0.02191607488814906
2006-01-31,-0.2257903658974984,0.07581558462493118,-0.18624049647765917,-1.992705655130027,-0.5689050028578309,-0.39682816416105976,0.12436877111415987,-0.24543753159036338,-2.060579599682817,-0.6212098709547113,-0.4681840962273221,-0.16097456663030052,-0.224260212566701,-0.3334897028688504,-0.02456891618830649
2006-02-28,-0.7329155258065531,-0.4271118644461336,-0.4511725639120552,-1.4639625923858623,-1.5922190377136631,-0.6294788094857778,0.4108651570675979,-0.08357847849308435,-1.9947752412066508,-0.8806103917088861,-0.6958866836496546,0.004568778396047722,-0.4769049716203726,-0.43627185941502594,0.10424905542307913
2006-03-31,0.3929546385849368,-0.3289642508869652,-0.3284788570487211,-0.9968152417337993,-1.1149344918442683,1.1687993418598164,1.0078239479784572,-0.06048759431473521,-1.4887381980032524,-0.6604134146467814,-0.17108646567533428,-0.04265058872436431,-0.43205816952283144,0.7901097265516909,0.18155973491458907
2006-04-30,1.0571132884543126,0.42110979457247,-0.27867665148599424,-0.017970761635126023,-1.4205934615716167,0.5115186107388057,0.2505543287294955,-0.16126713263494422,-0.7190374634991938,-0.1645968752260264,0.6350666193785701,0.19865509982896462,-0.5901000146163097,0.3580790067473132,-0.06580951540762692
2006-05-31,-1.2288860636464176,0.14110802827642144,-0.585119557241343,0.5962482673244915,-0.6682514344357372,-0.306097072608912,0.15724601825219847,0.10348071504597586,-1.0826836442974257,-0.6832807331725342,-0.38653389399063437,-0.3863672252378744,-0.7483589015788942,-0.22860954620802698,-0.2292181660334223
2006-06-30,-2.84075092111316,-1.8411098652777904,-1.443703320289399,2.7601657278492446,1.2524257705831048,-0.2715973276464437,-0.7159859042841564,1.1291805183642192,-2.2089977911826586,-2.0397853661104346,-2.1909206405103436,-1.1763023819038385,-1.5068077405934261,-0.15489056922970842,0.14705758417182338
2006-07-31,0.7198890456794995,-1.901076779496304,-1.1726287839066223,1.986860868401722,1.6374825016498031,-1.0767777019875944,-1.1244008044966147,1.06352108276276,-1.4193857223032424,-1.250607300006523,-1.1795318758917512,-1.0674291872978752,-1.3557893542088304,-0.4450198729509589,0.08351625167317521
2006-08-31,0.1785094467623843,-1.0034010440121832,-1.5546056053216715,2.0521955913880965,1.5109084487278759,-1.2208336018900003,-0.9845275955364277,0.9735700309826545,-0.9268431444298206,-0.8300675046248093,-0.7841953978634559,-1.2215180015218419,-1.8457795347479002,-0.3726666145447025,0.05332335937010508
2006-09-30,0.012968444066241416,0.585663505457485,-1.3582047117014844,-1.2650566484541965,1.4505563272212834,-1.302388318640292,-1.4117290131819267,0.690760704557769,-0.5787816621561055,-0.5478538434857293,-0.5231309822443426,-1.1393303607225442,-1.5620373772731397,-0.4171865084268732,0.021779445264039948
2006-10-31,-0.24648107954372192,-0.018177771747296685,-0.9238370685493985,-1.5144809677976987,0.8105367827798191,-0.5212704971103429,0.1131174054974153,0.6193146011423136,-0.4426106600195455,-0.546292713185791,-0.2845845415355887,-0.8813173948104787,-1.0812375689484692,-0.26806197807557125,-0.00630348777859251
2006-11-30,-0.4696546204319946,-0.5464108498029767,-1.083308364971506,-1.4141292704737445,0.7319168842392192,-0.6539701024532296,0.36779201164253134,0.8091672217353287,-0.5070760739544558,-0.7318593758847145,-0.3957520853584688,-0.953077540053529,-1.2242167020817034,-0.22355586031298286,0.20377010020143824
2006-12-31,1.5665399107813491,0.6660670050118103,-0.695834021288028,0.2562527258590708,-1.0153150312137107,-0.007250146975396916,1.7829861519008785,2.8067407998880913,-0.807319553236104,0.9024841194538745,1.1003650449071702,-0.38215685911202096,-0.5971318492633366,-0.03684027978812875,-0.16566181155277937
2007-01-31,-2.0140814168728567,-0.7697524497253542,-1.1318939795595304,1.5759944111700328,0.47340453718334846,-0.964261865365849,-1.3241571545860165,4.42536764524911,-2.5073082388088967,-1.0172722058361605,-1.2375279526043574,-0.9705958357706865,-0.9974269081469231,-0.21277024380451864,-0.1005412292218774
2007-02-28,-1.2938175710295108,-1.494623625149672,-1.212540184555776,1.7109500158830868,0.8006231181117097,-0.9090872840558535,-2.2840454350530908,3.8784415811901147,-3.1574334748503827,-2.376117726193979,-2.254795897162867,-1.0418714278230885,-1.0881920657202586,-0.09351467217457361,-0.03882079313195429
2007-03-31,-0.6416781977303706,-3.217092361271343,-1.3787763602679892,-0.692933598441957,0.6988477333399284,-0.25172452606030943,-0.7081768786839431,2.902730213675743,-2.9304183784326043,-2.745027180356417,-2.2020214925663053,-1.114786289794778,-1.4397282928796775,0.140800000432132,0.05295125547566762
2007-04-30,0.20916205516101735,-1.2130439209387498,-1.473106082794331,-0.4362241199114684,0.7478091341812524,0.9995355815359396,1.8049458944996728,1.869725518359392,-2.0587543992985333,-1.8082945144107605,-1.391879710199182,-1.1405758416172025,-1.7243702405606565,0.36330959377534505,-0.05335117549699459
2007-05-31,-0.7138110962162093,-0.8124738450996691,-1.3294666448508756,-0.7875200288614851,0.7506475823491092,1.2244571528562553,2.785068843040333,1.7912323129062917,-2.100613745733859,-2.5965009892131787,-1.59859912615663,-1.0396638680478332,-1.545259878219773,0.3851847265807572,0.12416264262042256
2007-06-30,0.9269573994312876,0.311456245935579,-0.5827970722116035,-0.23668032770169678,-0.16191867074644745,0.8705196755201476,0.5597712549766211,0.8907236828706537,-1.0953086210510155,-0.6593298117651069,-0.03318909051260696,-0.5350797199094387,-0.38129745395915254,0.4231598135100539,-0.052400276393531675
2007-07-31,-0.672688626328262,-0.3424925494107733,-1.0465717773071912,-0.03616309117641394,-0.9328522343758883,1.1801265030473393,-0.016543843863449318,0.9946142095256205,-1.2961077188608414,-1.5606264205103992,-0.374842468736412,-0.7291225899997809,-1.0948574912575184,0.4318137762053306,-0.0707628658938073
2007-08-31,-0.8117789830795886,-0.43262704139861885,-1.4617578275902217,0.016930905859748914,-1.248086292335408,-1.3654276315190703,-1.7481229353301315,1.2041626964451546,-1.5205248094879522,-2.768837180788868,-0.9391633308823885,-1.2035903708625757,-1.7774926874228176,0.39187329596028125,-0.02140631011074606
2007-09-30,-0.28832836231772396,-1.398235189854059,-1.6841486132968166,-1.4388677366597478,-1.2867906331441628,-0.8407599239306613,-0.9786781899057758,1.1517808317816751,-1.4643582461344125,-2.8736991004821344,-1.059683697710365,-1.4667325896759107,-1.9645566287982994,0.7042633854915162,-0.08539824911931394
2007-10-31,-0.8716595766015723,-1.5090262814404447,-1.9006591140641942,-1.1729702456272526,-1.238591258527751,2.6157755396476086,0.5853838492589789,1.457660871546241,-1.6926682077174386,-4.035638299919868,-1.5513731816211116,-1.7303161340410407,-2.22410876311726,-0.19870123131357437,0.0062056936742217825
2007-11-30,-0.03422400135987517,-0.8590374109304384,-1.667091820421357,-0.8521633491322043,-1.1706628067918778,1.096322543662188,1.8676181115070387,1.2077420234545435,-1.4009107461677106,-3.1046048005879103,-1.2322567087988008,-1.5251700890328361,-1.8858495566353302,0.16503059817144386,0.01773833874243445
2007-12-31,0.10455835987756124,-0.5711600413594614,-1.9268821089056103,-0.6463657511911414,-2.282041354037957,0.2351624824372899,0.9178075654801844,0.450127056780915,-1.8381211868045662,-2.4014551888747837,-0.65636764579891,-2.626608143720804,-2.1290013301485495,0.41732113412102495,-0.309405362228031
2008-01-31,-3.004460588488815,-2.007294045020868,-1.9656789669066292,1.514908885736132,0.46793486992732125,3.058837522962533,0.3933136128408469,2.0745806538370855,-2.17173444510103,-4.810626872518389,-2.5590960652257984,-1.3304544319672247,-2.723559785205846,-2.2422513903595207,0.07051000852714122
2008-02-29,0.6536690336209671,-1.383782320013037,-1.497533802785686,1.703235912669134,0.8896072807216034,-0.4709770647697823,-0.5114775642698663,1.0952684277528395,-1.4622685010457823,-2.6201200486122453,-1.3185857688372913,-0.9790289590273088,-1.7928301964584716,0.7602927316087548,-0.07763381425499233
2008-03-31,-0.5845428981951588,-1.8381165475974655,-1.4474106826634925,1.3131233311470996,0.7942719890962564,2.8305006580749525,1.5381415387820276,1.1698689615667757,-1.2486176756405347,-2.3286570025830473,-1.3199564571502445,-0.9577184205307726,-1.85697930842885,-1.8903618890871592,-0.046959847370876745
2008-04-30,-0.2777968544696666,-0.14798603818341288,-1.5294871896985318,-0.4996621867507002,0.7178596935336933,-0.7779272385817915,-2.1253107753935656,1.0760974783717403,-1.0470847449090417,-1.9372589904091253,-1.151268374259951,-1.0105925719142044,-2.07086134531037,1.6539038233172025,-0.08567828927643098
2008-05-31,-0.5494741845815213,-1.0268720641236264,-1.5123794481201216,-1.3442924736024018,0.5436137070625453,-0.2612728231033756,0.13469882587565887,1.160464845847553,-0.9232154991723533,-1.7628892971635821,-1.210845093665726,-1.077871613587946,-2.120218226088698,1.2269949931163602,-0.22144431556124994
2008-06-30,-1.7191864051279502,-1.863668628763916,-1.931371178045553,-0.20688349527750965,0.6103164925540172,-0.5484801491167856,-2.15800757153248,1.7155206419355904,-0.9295984689515103,-1.8881841762513671,-1.9073332332172332,-1.3835556176735766,-3.3863107799954593,1.9986488690583728,0.2369694333276585
2008-07-31,2.269899700808133,-0.005848997778355597,-1.3219072470244766,2.0387904791560993,1.3651813387358955,-0.41693747011540444,0.3575671051885277,0.13986541994574714,-0.4340577110615338,-0.9383268662509884,0.15778652205778976,-0.8259238390176669,-1.5317262215044007,1.3254351271259377,0.02774286248210706
2008-08-31,0.3873070797581052,0.648901697200672,-1.0548217880904265,1.826690956689717,1.226699169713183,-0.07095631901014206,0.24610224065888944,-0.15996912847570166,-0.23980291882435606,-0.7095210070622376,0.6766852342586498,-0.6709114671137837,-1.1371413888639725,0.671506694499544,-0.0463338998703504
2008-09-30,-0.20515863418688807,1.6698219639491307,-1.0125935803467538,0.5995316338877847,1.1869445110261254,-0.215239383074031,0.8975008357605602,-0.12683200427635447,-0.15371826106657802,-0.6721465161217259,0.4965018231927474,-0.6533913567744142,-1.1694962564570843,0.7620914994844545,-0.29647760576627263
2008-10-31,-2.2718873709798757,-1.5150942560451834,-1.2539332334570237,0.8710049127430491,2.429860338956284,-0.28815813371273935,0.5717048462859188,1.2268364144963246,-0.3802466613559905,-1.1137774880712819,-1.3542128368205395,-0.6181199649239686,-2.175167800128859,0.8843852304985493,-0.06493633622000891
2008-11-30,-0.19757754951663606,-1.9582433023962535,-1.279745573093772,0.36126223871091356,2.109078998405061,0.12605326411478557,0.23327772025660665,1.158622398588464,-0.28276019805965236,-0.9716797946519896,-1.3167165939775938,-0.6105665301442543,-2.263470213628689,0.15738828949076875,0.09477580145174368
2008-12-31,1.0434583500813621,-0.9259679375257831,-1.0847744351227095,1.156103634822602,1.6007989582306403,-0.5479837007805372,-0.771266624539403,2.205498375458215,-0.2550985520252279,-0.5963170968461898,-0.4430826865970908,-0.536014959281348,-2.492065967442461,1.1175455755752692,-0.020248160829947424
2009-01-31,0.20933919484559868,0.8457877366724058,-0.4992744688515768,-0.5747542621152253,0.2443230890767498,-0.28868432096017227,-0.209891492826036,1.2349291987546958,0.0612662719496001,-0.4707174381243721,-0.06070487633701971,-0.39779686393296315,-1.284409796845685,0.4603146722933094,-0.06187540371808753
2009-02-28,-0.18073946621941114,0.8753446115421243,-0.7415651642410953,-0.5379500948627124,0.0792845348721679,0.8778380846331947,0.4709226712627357,0.8601641325172128,0.31715299278625697,-0.43087430765568707,0.08375523083651118,-0.6550548877965072,-1.835747410127645,-1.060832348854499,0.26666981636410064
2009-03-31,2.5365745438807634,1.903803067445542,0.27799280192111414,0.9879326004666381,1.6679747143621082,-0.334473057095838,0.49593033639962936,-1.175790639743646,1.257302645080848,0.35241620987900296,3.5746924882337985,0.4770962349790728,0.08069420272568995,0.16175351813677,-0.14054002277899963
2009-04-30,-0.8479632401027108,0.9946792206982241,0.03350021024054245,1.4637107269995508,0.4886846768566317,1.500621795251375,0.9895714649219877,-0.49199164471910534,0.9718983003379971,0.11579640973458523,1.1449397082678727,0.15621435435687536,-0.4228356766605917,-1.2429498007888737,0.6026421468201015
2009-05-31,4.66866016325075,4.785393448715732,3.2643800763303483,3.584862064675655,3.6675086879629952,1.389056087863241,-0.15656014915377137,-3.4265643324829025,3.28351769478885,1.9587322066360393,6.51222552359581,1.8785213249083372,2.6330704282947384,1.9609211043112482,-0.16062672945698506
2009-06-30,-0.8196750872605697,1.5209556224753136,3.021947111372804,3.534075749156557,3.2994959719905474,0.27221708732674393,0.710719040023192,-2.2629158181622304,2.134514265881959,1.501620935700069,1.7881251207314541,1.8233620724859163,2.8373846336210566,0.48494632479267474,0.053345980705292714
2009-07-31,0.3799766008652233,2.2139079678444333,1.8954210837377805,2.347716059776894,2.5640928926460624,2.216526907717562,0.6256608233760291,-2.2885609250117076,2.398683035967087,1.8382019461898236,1.3975858574217903,1.597339186593165,1.6830186996912901,1.8225110761105257,0.09649012094417347
2009-08-31,0.584214046138216,0.10133257370540054,2.110688450780661,-0.2251212997571973,2.0387989681347425,1.5350074301002334,0.5610415314225315,-2.35628513681671,2.726862203400367,2.209014744805619,1.2287445753162844,1.8283020989242373,1.7555871921200903,1.744331598249858,-0.08281778104538848
2009-09-30,-0.3998978260006963,0.3868694368455748,1.747725277912364,-0.6259649750086314,1.8064911674830622,0.8908237661736076,0.7790843655907124,-1.8875212989353847,2.111727630610293,1.8323622185905026,0.37547172584626193,1.6195901771587866,1.5788541786119472,0.8585666975985946,-0.04533725454275384
2009-10-31,-0.18834633956945843,-0.005118320006202832,2.707010613508169,-0.6589808123602785,1.4756853258620675,0.6791530092713121,-0.21237842199223264,-1.621357184023401,1.8200999139298932,1.6138484715759769,-0.16382349825117531,2.1587132775659246,2.490182212410766,1.7681621820344668,0.0026773777707163942
2009-11-30,0.055175164815259366,-0.3719857541501267,2.578608092565319,-1.1768129802149632,-1.151969581806644,-1.1025186670818097,-1.5921189719038567,-1.5224484385478678,1.8424707266203668,1.5400504454898054,-0.05395561698318573,4.555211673805576,2.412566635870092,-1.9118847471791895,0.12853900484505595
2009-12-31,0.7187249083975092,0.4074622666958054,2.328611995482629,-0.7392921739244801,-1.339338593034147,2.06192025240578,0.8578201947853343,-1.7829591669543954,1.7849760320910542,1.8506251138507752,0.45102071937899385,3.8203879930636915,1.9743945140605599,4.946763549081296,-0.07441549470026149
2010-01-31,-0.3704427825127145,0.2774802976505459,1.8042252321906984,-0.642980129482923,-1.3103727303343693,-0.03085544592844864,0.041242523007259266,-1.4672115576433857,1.2457379128035837,1.4092895768869136,0.025444500045176066,2.4840264568785964,1.6904930846071717,0.1821435220369895,0.09788584124112062
2010-02-28,0.5042912341443277,0.585539558303015,2.2191120304318495,-0.5411704248253054,-1.2602360132002357,-0.9071187596204473,0.32116095164730024,-1.5893386960896978,1.8349071396806986,1.536665040990017,0.46757370848077445,2.934644883706477,1.876629350893512,-1.6532076107010372,0.04819939976877866
2010-03-31,0.22331369749356964,0.22948544802276927,1.1929366606223601,-0.6941080496122399,-1.3435166934667784,0.20455077262196322,-0.7444881957565611,-1.541868000941445,2.0036718601185695,1.4519488311921953,0.5377456859032692,1.6684430003295059,1.029429713958569,0.3143036520299642,-0.018555867070374966
2010-04-30,-0.17343008097356793,0.3924255683071832,1.480646617504105,-0.9267891747066822,-1.328707796569897,-0.7624568283391544,-0.6491880074705741,-1.360935040332746,1.6852938994853812,1.2120839072442966,0.21002969690752277,2.1633073040964437,1.2736452196258476,-1.2488199905549815,-0.0449180717422586
2010-05-31,-0.3261425428456044,-0.19386174835383266,-0.20524387008687445,-1.0083570948478522,-1.1797087380840703,0.6346366453758729,1.5798408675716091,-1.1465940043156522,1.2478562817671608,0.945179141698244,-0.19253437549264843,-0.28877642646514157,-0.05481725708402891,-0.41287114674283454,0.22909594984150497
2010-06-30,1.185743764014921,0.48905984519945755,0.5880239516054867,-0.07933188873014431,-0.730197997740831,0.6024727253403689,0.17111536920811032,-1.3989155163392017,2.484921689223179,1.3339893505387443,0.863963321688292,0.46439391222466647,0.4565841488572921,0.39583348947397445,0.055549801230498456
2010-07-31,0.11852559272337561,0.7375359538297396,0.5330421888654713,-0.2199814369350252,-0.9032968130258657,0.7863455426839294,1.3996295038355706,-1.3345273832740077,2.323720735006977,1.2547678900809618,0.7483533606113606,0.537478349843987,0.3737581517419645,0.5921832252620862,-0.04963262420240999
2010-08-31,-0.4441323792623236,0.6612399002608935,0.1068909380563883,-0.1641503396126831,-0.7658450312354795,-1.345821524076253,-1.8595343934423725,-1.112694977634634,1.613860480674549,0.9331357148615497,0.14383421005954344,0.0494223739109173,0.12022222683341778,-0.7830580189262877,-0.011869575555383882
2010-09-30,-0.2055558344046292,-0.37843948164813385,0.2350148023484323,-0.9615938166464574,-0.7126995961606882,-1.4803154019343419,-2.439000945891622,-0.9720139196358768,1.3036524867722037,0.7448594339805708,-0.09842525441943077,0.17383589555114978,0.2005532523102091,-0.9865589756185229,-0.07957639850211172
2010-10-31,-0.6065901867388831,-0.9048442715447975,0.09007296773932692,-1.0876281890944384,-0.5856400762407933,-1.289022350850853,-2.1959056387829703,-0.7299895782269006,0.7350947585807557,0.431421163745811,-0.6413223068960295,-0.0030684946950851025,0.1348433313740885,-0.7924648511950796,0.006243097510547551
2010-11-30,-0.17431209224761518,-0.732248412073723,0.03265451613820609,-0.908275045920568,-0.5896871729602663,-1.1217392550980654,-0.17147337209396843,-0.6260570242330028,0.6329071413168726,0.3290814642463121,-0.7984259065796455,-0.022786394444804726,0.07761546931037977,-0.6861492408472374,0.06018757177906162
2010-12-31,0.1448115056147794,-0.5264759276451079,-0.24351885732601358,-0.6317530584468055,-1.2129784726577801,-1.2869502170647087,-0.3784997295067969,-0.8962226906298878,0.2807428911440775,0.38839240391521074,-0.4993202741263567,0.21304173618210204,-0.20685221176120405,-0.6560011265871843,-0.13110387963204406
2011-01-31,-1.0513516590002905,-0.8804697240107497,-0.5115432541076641,-0.3318676655390359,-0.9820562985300794,-1.0729966957939787,-0.2720751777072732,-0.6065895815382499,-0.6590874016527668,-0.2615768965543894,-1.1437779586267458,-0.23802287913979273,-0.382678257103864,-0.46002898752404797,0.021111776747287318
2011-02-28,-0.06163849303511384,-0.7796165404351723,-0.8346194748333765,-0.3169295610567392,-0.8974011065895792,-0.9762151653886765,-0.4768361654666495,-0.666517196215886,-0.8203172954935138,-0.3620137995049914,-0.8885575906696088,-0.6125292943772703,-0.6349252666384869,-0.33019171119406776,0.18551684032858756
2011-03-31,0.9390775978538007,-0.1298886431329436,-0.5204471886834229,0.18951888316232818,-0.3904509485719754,-0.5314829406611715,0.923577187255075,-1.2779477061756639,0.7075086839577316,0.7634007845835437,0.26222040737285984,-0.45317003848501075,-0.6390564619078145,-0.3511817348402409,-0.055129232077888994
2011-04-30,-0.5515760009311758,0.2759596917196611,-0.7571302924163142,-0.12097266761515646,-0.3959911739653003,-0.27865020312156996,0.9917534662668711,-1.4640415710117973,-0.06712582473711723,0.42112182669254905,-0.21459051363547474,-0.5904605937789412,-0.7941833998210246,-0.2339014892167776,-0.12912231917425865
2011-05-31,-1.068657469556143,-0.5001003462889123,-1.250677855604503,0.2914737424409465,-0.2008374232031943,-0.8717211559686628,-0.43345467149503136,-0.39474502823793683,-2.1088380577534576,-2.3302184756844384,-1.0126048390862206,-0.9359422020121931,-1.168562051696262,-0.3885801788068332,-0.027562902856092933
2011-06-30,-0.32318615440387005,-1.9166677029948775,-2.0072536216004995,-0.7320195266681196,-0.19204227786384145,-0.9097925881819602,-1.908893219644349,0.0904261025891494,-2.2853046846315626,-2.7465186329475935,-1.2535096624197306,-1.4751510514120822,-1.6671900859143853,-0.055911729854292234,0.015477523068913143
2011-07-31,0.06171451759452473,-1.2722768810234457,-1.8781250885363292,-0.4649857613821812,-0.27824658616641806,-1.013113700333359,-1.518114486891632,0.18007981777244572,-1.851729447418953,-2.303792574407454,-1.0641812917598126,-1.5090709661985862,-1.571716159449825,0.042126617548402516,-0.07276337901845589
2011-08-31,-0.8819085447173425,-0.8906042090531991,-1.7556197472668127,-1.2762086871686815,-0.1434859949726091,-1.0282535449670014,-0.6387689236676005,1.3883058485079032,-2.353452850595494,-3.3090888494909696,-1.6047250427178608,-1.4619421612014742,-1.5146331437949483,0.12975364100652517,-0.07674083138545187
2011-09-30,-0.8537898510691293,-1.2549665423123422,-1.7253927306198973,-0.9709240801811797,-1.1332426149480532,-0.7832283501530082,0.3942495894182416,2.686231002124396,-2.5051246610525104,-3.7725091701930284,-1.6994824044763628,-2.157158979533217,-1.5376846034582388,0.1809516216020595,0.012798599511701498
2011-10-31,0.12519003710389615,-1.175322984566384,-1.3750929398418201,-0.9481346540269524,-1.0591113127520775,-0.7931353572622223,-0.5771274634645661,2.4772490924166015,-1.928634918990049,-2.84428769940419,-0.9371115296088204,-1.4920651451890945,-1.2384875339188408,0.11438152262381478,-0.13938294841618706
2011-11-30,-1.5829371243795405,-1.6281516632778779,-1.543435873878046,-0.25917116110576705,-1.5145922482333107,-0.4817782914523359,0.16072421773704587,4.947223197388081,-2.2752328802562687,-3.6851343265136314,-1.807753115348205,-1.7398362357511323,-1.4831085295181512,0.2314050482246241,-0.20248410266244357
2011-12-31,-2.107619687208018,-2.494544309411657,-1.8335551300648842,0.5490292275336838,-0.2456053876538178,-0.17283113909211775,0.48721548170011414,1.3117364679555001,-2.50995480510682,-3.5319020140043484,-2.702514489632352,-1.6799092876638237,-1.6233371183463223,0.1499194932367151,0.22527552832614817
2012-01-31,2.43038553567828,-0.6918808764201112,-1.0854792817329426,3.4938450110283674,2.6530956609374643,-0.19519963621598507,0.7770463237909305,-1.0430208217301957,-1.3587225870561572,-1.5301210091299766,-0.2152792281922963,-0.7576671683912237,-0.8922250566870599,0.3190617542107282,0.2430054476081411
2012-02-29,2.243462762794714,1.9313445123772617,-0.5021723750121724,3.16632226726588,3.737183311153815,2.0493053809706616,1.9927857026923819,-2.498156255557947,-0.42109977664249015,-0.2206947396383557,2.038958684779581,-0.4077403875553112,-0.4552833374369629,-0.07814538076826494,0.030353598459995846
2012-03-31,0.23232639244411282,3.301145095085533,-0.86463026315813,0.2912068825091769,2.6899380045440338,1.7917208715663118,1.2767414099452974,-1.8598410900769926,-0.24356200096534808,-0.04043687720566429,1.846233750972459,-0.5250317770372454,-0.636333461965793,-0.7191205959122903,-0.06947086868781906
2012-04-30,-0.5998168187600115,1.0799672076284759,-0.838948362503473,0.9727776434996075,2.3797052055228343,0.8014881156531358,0.8005637264173343,-1.0654259449873575,-0.4259033171575064,-0.34938504560010464,0.9336959440677456,-0.4725235278932366,-0.621287928386318,-0.21965780932226325,-0.1872642763601619
2012-05-31,-1.5609430976113834,-1.2106788402624495,-0.99879825423806,0.046037196355340676,2.270201713140569,0.054619483509360085,-1.0791064447552374,0.20494706632297247,-0.8989723885266626,-1.190285900899235,-0.6389735754388536,-0.4860791644150514,-0.8390859028588991,0.14391254858420516,0.0018901045184165476
2012-06-30,0.06401317565529796,-1.2755238500366113,-0.8591834863503175,-0.22651314912304538,1.320675001469511,-0.5739824679954217,-1.7261221646757887,0.261802990086629,-0.7389539546334907,-0.9969847624036943,-0.8274782173573826,-0.48410752816539726,-0.7269560020711466,0.5373886907878977,0.10635812955616764
2012-07-31,1.059193114206735,-0.2863546871364824,-0.49802590666404195,0.7360127329745104,0.7651404224593338,0.9204080824661793,0.16871955174852907,-0.35636858279389805,-0.2856258398584992,-0.3500558591427662,-0.09926991556399876,-0.303131399842144,-0.378862788920569,-0.16211190439298434,-0.008036083670052593
2012-08-31,0.0466704551317956,0.7074704983878072,-0.18739799111377042,-0.7502780895041238,-0.35257451328471506,0.9980111831118312,0.6757594434328381,-0.20072453952693584,-0.185085021775623,-0.28186103415371533,0.0899924220613643,-0.1641766274239293,-0.13051468718240097,0.04046687878160962,0.006822638550887337
2012-09-30,0.15922292524162693,0.7889443568342573,0.22225020417806213,-0.712619085988097,-0.3915535546690012,0.8752655375415198,1.407397136316542,-0.13877280130314812,-0.01893232896415886,-0.13523995602891864,0.43353729057707274,0.19133569253605956,0.18904107377448578,0.03546727956297988,0.10654970629900747
2012-10-31,1.0064244713062693,0.7556322260318797,0.7758286687099863,-0.7209467733707146,-0.1632065207661101,4.981727852006032,1.5688308093069705,-0.5903422503154735,0.7255193977607257,0.5891321719630103,1.4255467086296754,0.6125150587580809,0.5808394768450735,1.9532293053900933,-0.004594691378310417
2012-11-30,-0.011563053248049383,0.7163129472286464,1.662390659165077,-0.7780613916833325,-1.3038732090007803,0.6625400054905157,0.5670836638216795,-0.40042060561909537,0.855638399195396,0.6207520850273561,0.9314045993793528,2.250265248459094,1.235885669752266,0.32138848956290816,-0.021725527515954066
2012-12-31,-0.15269446282815108,0.5174485040591176,2.985344576431502,-0.6468501424058716,-1.1359919649081367,-0.3712490883699326,-0.2414643673776319,1.7902459430577047,0.23444082486574022,0.5670638459018167,0.4050574567926039,3.5961316526249503,3.089520956354557,-2.400587500557593,-0.17250881079424277
2013-01-31,-1.4085206092930098,-0.9693179330766449,0.33912201787126245,-0.23934563183039773,-0.4874723194941602,-0.09657395302194106,-1.3304174216834725,2.805750178911035,-0.6543763416592236,-0.510749453342727,-0.8848689331964652,0.1889248710007638,0.4043475076285178,-0.39424863102838614,0.03223127160436209
2013-02-28,0.3431490702861079,-0.7334683776830495,-0.515926579520665,0.010441867916640705,-0.46833599811294824,2.4860165383902957,0.8531853868116562,2.0359163929581507,-0.282019372611705,-0.18157277088454266,-0.562471225541698,-0.47327919290232073,-0.5957294528867703,-2.5957241364259014,0.05077743159561022
2013-03-31,0.4937247682507583,-0.3323880915743032,-0.3916483415111902,0.3243576149093381,-0.4243704981891273,-0.2380292172093734,0.30165962769288673,1.4298524287186931,0.11171087389564643,0.30135601549920593,-0.13742412711373012,-0.35426676251945555,-0.41576724248980185,-0.0011951518013542605,0.02421425812059453
2013-04-30,0.33710932611432987,0.7077288944067563,0.06745593024444801,-1.6478962519909974,-0.7125338812483084,-0.7144788102696236,-0.8318876496187763,1.1249898561719562,0.5063784399188475,0.7028008765176585,0.25918618446813535,-0.05363037124089001,0.0840188043629221,-0.0066764846071332914,-0.020544529231632108
2013-05-31,-0.08731951155535768,0.4508986226125571,0.9687514478983261,-1.1008345748920478,-0.6851476492545643,-0.5686479268577541,-1.7859886828747,1.1192565078038632,0.5153512600165531,0.660409605196367,0.2633692316465141,0.685935704435626,1.0404640456804235,-0.753005641405329,0.016469250907805582
2013-06-30,0.20484788661715522,0.2615815214763052,1.0493147565903704,-1.2244110115810314,-0.6175855568186314,-0.7337621651238162,-0.7845741742367003,0.9323776101915261,0.801684921991178,0.903418795685335,0.49390474777068843,0.7370631299586715,1.1120765074204866,-0.9418700135445554,-0.0016828949758573783
2013-07-31,0.02374960907353708,0.08036567226548769,0.4150677199934729,-1.2715031617954122,-1.8089132810792319,-0.5889203269471126,0.21994554993750676,0.8586073478037991,0.8404349838684105,0.930059386195748,0.29258718787690374,0.30202233535730494,0.44049053214841377,-0.28910229684889843,-0.05540487095206087
2013-08-31,-0.45689182344847284,-0.13292965959860356,0.15109304487896236,-0.8829457680388549,-1.3889284680948255,0.0024925908049146903,0.8316047453667333,1.0689885554711014,0.2246109380810025,0.3489180000149619,-0.2313554471898037,-0.1752343155092831,0.15214857922688865,-0.189361518175142,0.09410719997109895
2013-09-30,0.8956092160673121,0.2682624650693369,0.5508728163269062,-0.24434687631806148,-1.02247354610803,-0.5535119593324711,0.4778013395646839,0.5664063643301509,1.509411296309302,1.3386575303464707,0.488192859660207,0.4838376490234904,0.5771106365117412,-0.33760846383587195,0.09888123706006825
2013-10-31,0.8692459983403885,0.7694623081418359,0.45692636265049347,-0.06384467266154555,-0.7890339385638526,0.42152428475161247,0.9945481603494369,0.14227378371256355,2.8595887965466003,2.1440803398031,1.1752908625001428,0.31021744710382615,0.45853000378810926,0.0016129987988569563,0.09723364186622219
2013-11-30,0.809272693721446,1.5229926809258427,0.9724379490775701,-1.5178695934156672,-0.749427944158176,1.03911773008138,0.3813034415978805,-0.20727664188565906,3.493686653225995,2.5191128772041584,1.6219570041679023,0.8679223379873776,0.8667134255524962,0.9467438375982098,0.024247029426042396
2013-12-31,0.07304858529144383,1.0227540991356059,1.171417711893619,-0.758730729219928,-0.766382518964373,-0.08846337884226262,0.480870593524926,0.7191059587977863,1.9996280411440972,2.5331746714649173,1.273547450963138,1.129087166777369,1.2085753181650958,-0.012086766335902128,-0.10670258987981161
2014-01-31,-1.3405410313402273,-0.18810592032515955,1.587098549463491,0.25556000740981516,-0.27144715998279006,0.546739205074599,0.0784357893300727,1.2451557445138974,0.5026521463200726,1.2417324409079193,-0.17121049962048354,1.0996786268876313,1.892251437587381,1.3056698354847376,0.0396973954535605
2014-02-28,0.3001209558923729,-0.5508312279828497,1.5012959016511072,-0.026409784354383972,-0.4105090303649821,2.1933952355976905,0.11322599962343353,0.8484668649153999,1.0514235638681027,1.5057288074386,-0.17753332204892636,1.2168039583196515,1.6867483976479147,4.555546806688953,0.25764857455769785
2014-03-31,3.222316123345859,0.8778679193190269,2.936542570066189,2.5983518719585037,0.5002286072658816,3.0659171571111403,2.256048166993321,-0.7510665366544023,4.341399198670466,3.0563648652434834,2.2108046883825616,1.6136514963219604,2.4752979749679254,9.781421443731645,0.018851272748543847
2014-04-30,0.06322738381017665,1.999490003444102,2.392130590803687,1.1762155676896078,0.6087166630303701,0.6657800709656432,0.9735611212977353,-1.0408791235981671,2.7926490114045643,2.0694094637172427,1.6685522092450291,1.4250760852306674,2.0388861053518013,1.1928714882610207,0.40456108514468253
2014-05-31,4.183248025710976,4.274980727773321,5.660267035057407,2.641931086259483,2.4733008699499366,1.0314833085124506,0.9330437734264453,-2.6617961224888695,3.526169775074145,2.590985511896177,5.491690718537939,2.3020759919425746,3.192713269904863,4.635234670812994,0.09127321000906392
2014-06-30,0.44400393786479775,2.3131809939711383,4.14049772771004,2.4746248007512426,2.4385131813725436,0.19871504022912348,-0.9256616389008898,-2.1859995841710154,2.275339801985685,1.8391664005156583,3.0720337932914306,2.409369104496869,2.709906723852241,1.3314039076758506,-0.024325774728590675
2014-07-31,-0.6138666638496404,1.8499680063178545,2.925730717824327,2.428160065061214,1.8825629524177752,-0.7519391971016669,-1.2215134733492656,-1.6872937440019957,1.4794867010703094,1.2257677349267841,1.245168630013989,2.26944416674881,2.2631480011470706,-1.4021180717719424,0.001314924581309022
2014-08-31,-0.3382135913366913,-0.2747332568757536,2.7025413340730986,-0.4326085554821121,1.9235923004778168,-1.035642392952533,-2.203555957579698,-1.435970625550134,1.1059717494403492,0.878692442958179,0.3554119740853172,2.154084743114063,2.22741497462271,-2.358898482011853,0.012498996782676118
2014-09-30,-0.24294275762224854,-0.6445071849150322,1.903564250178587,-1.1053423038366135,1.5206562502786993,-0.5408914208067058,-0.705393287713965,-1.2605370771130544,0.874414824372569,0.6418133833225991,-0.11148167577480864,1.6865267408956441,1.576134098056186,-0.7431728735805277,-0.009687110029769037
2014-10-31,-0.4420700915590313,-0.546844656777462,1.2766950096188618,-1.1756478053116912,1.4527335965263644,-1.2007094389722641,-1.4434328070858353,-1.1081486097587345,0.6472213840764761,0.40997574365799977,-0.6165580066727582,1.0709787037644367,1.0559132259606137,-1.996606322553934,0.03927831020432824
2014-11-30,0.03559361931121678,-0.3448247083403457,0.9718776167252311,-0.9063583244165194,-1.1872063313917833,-0.767468743013013,0.3896622813302737,-1.072349943996382,0.5798390960585645,0.3120139009028935,-0.44829218267191767,5.936587881749893,0.7183036167806309,-1.0077881672500737,0.1735539315962185
2014-12-31,1.219506033906507,0.42575533916109104,1.430872143441933,0.196194938689999,-0.5313046601988711,-0.20191064227363484,0.22336863932970685,-1.1128368332585927,0.623504171266626,0.43458786184034676,0.5021101366472375,2.532069751742608,0.8708490836528514,-0.14621320564777657,0.043306422793180095
2015-01-31,-0.016969877132053723,0.6486375328418651,1.908318713893241,-0.09985248797482717,-0.6593384075392512,-0.7542290871476316,1.2575864382151016,-0.9581206492286146,0.5450757358966727,0.3187296765905103,0.443639456068267,3.3071747556538145,1.2487903594593237,-1.5412423484478182,-0.0044291232325571065
2015-02-28,-0.5603823828955736,0.37136647256145416,1.5251939779767492,0.14877265093957986,-0.6192213896498479,-0.8468206560967217,-0.18047754566050317,-0.7742045125627517,0.357018404688553,0.1096613722585367,0.035904050496445274,2.369206474446262,1.0108961340824247,-1.5772134276610106,0.0847894371605918
2015-03-31,0.30461415557019095,-0.14676292191056925,0.791029164569927,-0.563445869729481,-0.5933712947519642,-0.7810542510054929,-0.9431565029318116,-0.6963938957570355,0.3977468834272376,0.05962835493525331,0.2029690499231064,1.3273654191570872,0.28567295998761866,-1.093306275961783,-0.27418001912689016
2015-04-30,-3.111958162054922,-1.891010658608733,-0.1040818142593821,1.653801219595718,1.1175475530112118,-0.7198033856877607,-0.4656185306902184,-0.21207516773809437,-0.42842687598547063,-0.6570936059969387,-1.781910315456047,-0.39364176560541714,-0.20679134110797626,-0.5081170527326209,0.0108459035725592
2015-05-31,-0.24688527994369458,-1.6271175260280617,-0.9732511062846649,1.5358433904303275,1.0221131192523263,-1.1149146511718482,-0.9681626888011612,-0.11398478922435558,-0.5096358759733135,-0.7655060186820443,-1.62645375164548,-0.8454350976977496,-1.2001170357955953,-0.11936715967436719,0.07521963886759235
2015-06-30,0.25884912356842366,-1.5485251145703043,-1.0063634657853346,1.3420543042323565,0.6102497857629301,-1.1283592214647327,-1.012734178192166,-0.10620255572966653,-0.43397348639810557,-0.7462131762482935,-1.0408925073546746,-0.8434094188645143,-1.2319067874246208,-0.09973091250724175,0.0054719698779933925
2015-07-31,-0.32118620233557355,-0.17530402621708074,-0.9574331331379768,-0.8456616847602408,0.524818195884225,-0.6811693538618834,-0.44003299156952647,0.007569012357269715,-0.5451689229455267,-0.8795142241371569,-0.869257917703386,-0.8079091263552901,-1.1583417932723017,-0.05366419059904124,-0.04296094684782917
2015-08-31,-0.7132816950774558,-0.4413903490934295,-1.0542139554062515,-0.5743154996999045,0.46650224597447587,-0.4033001593433974,0.6166484736702765,0.2026588375256722,-0.8167261261919219,-1.1393955071332147,-0.9652748502666076,-0.860223718852581,-1.2505863846750656,0.03224061629186265,-0.008835094704402703
2015-09-30,-0.4445503171730824,-0.8492180335598631,-1.1129512675103346,-1.0914321308287054,0.1890204965608334,-0.8063742030346077,0.014018902753531551,0.376166863372811,-1.0406186441593093,-1.4147316271346555,-0.7650291408094395,-0.8914343442230246,-1.328257890034338,-0.004270897108078509,0.02602749524477545
2015-10-31,-0.12864755015036622,-0.7303116243879675,-1.0595865719399764,-0.9020565426740159,-1.6745052144677008,-0.7502548033728281,-0.31359245747002756,0.4544505373550382,-1.0495489472767467,-1.4089095773879534,-0.6546020930453282,-0.580199884039822,-1.2674727034489586,-0.033100760549138665,-0.05457514558674638
2015-11-30,-0.7575665396566752,-0.7440859505051619,-1.2286803966807203,-0.7743133932478623,-1.427746584263441,-0.7270850534472774,-0.7999865006854375,0.6876861797294337,-1.3048704833528997,-1.5964097880655643,-0.9391868511351456,-0.9205669634793037,-1.4342767364813809,0.0637872046452746,0.07905886075302773
2015-12-31,0.3738418670642012,-0.2854970287574468,-1.351618889439475,-0.43400796090572497,-1.3593684496977714,-0.8769869825956657,-0.22460476602566,0.5710647131446613,-1.2748607807678205,-1.2246381910609827,-0.41310766220839795,-1.1303572215658768,-1.534539814581797,0.175364074977405,-0.11726087389487587
2016-01-31,-1.221598784092308,-0.9059059187909395,-1.5161938025521526,0.02074926534410548,-0.9232957730788899,-0.6116048862750405,-0.11224527913929692,1.1293582186227415,-1.8280303483366678,-1.7112541921411035,-0.9463956874296932,-1.2819621893348898,-1.6863896276773596,0.2878121735312433,-0.0596594661172235
2016-02-29,-0.7523785785737264,-0.8963213986228808,-1.4973107012219786,0.03177908633411148,-0.8646957338441862,0.670280979512733,0.795948008940529,1.989415956088628,-2.2545432885647196,-2.074510379990839,-1.1157839287681885,-1.2808222431931184,-1.631883479657004,-0.043411530588890246,0.1947594688124602
2016-03-31,1.2993022786200894,-0.3641203633925868,-1.292009181489286,0.956211386635642,0.0325432262562051,1.5691621301298813,1.0846024071806328,0.8513083888153387,-1.1501590896774518,-0.7952760372101602,-0.03968933183578289,-0.9847462964594426,-1.3139550754343294,-0.08856180515135263,0.07743452599345883
2016-04-30,0.40688704601932435,0.5346442205382473,-0.7309568126127963,0.41489485574861235,0.10233241582241166,4.479614420594749,2.4626084111011393,-0.3987058676480143,-0.5406483518218596,0.08719976290249974,0.3509536877187446,-0.6128845143219367,-0.7803256732823919,1.1160630092524215,0.0010221963506889462
2016-05-31,-0.23750151353546642,0.8372771300164558,-0.7178595097197914,-0.015192837599312689,0.0038599352386406095,0.1299764716684042,0.05382242668205881,-0.25869089303382264,-0.522901688189393,0.051375071432317426,0.17189230115435455,-0.5980049957964778,-0.74026163240604,0.2413378614078572,0.0840148463352234
2016-06-30,0.7585600203012878,0.4897441594109864,-0.6418531754906449,-0.7398341733957658,0.08147378798736929,0.16307228007286909,-0.07935985219595298,-1.2015385567260566,0.3953584167924281,0.9457112518782164,0.7575087177312037,-0.5590471713488697,-0.6817046788673761,0.4586160091807044,-0.09716374845364761
2016-07-31,-1.1857652568695007,-0.4229322051248866,-0.7411742354838808,0.04423407439543987,0.038692006879778,0.6902987520620895,-0.993024020686121,0.25769081500257857,-0.7392799047930518,-0.33473067934709605,-0.19072178313881727,-0.6300685104446043,-0.7394660147729146,0.7264024207763372,-0.01625082352594387
2016-08-31,-0.2752143925693484,-0.48178691570383564,-0.6340737253513875,0.15080545681545443,-0.05014575709578828,0.022263166273118726,0.035397589112307386,0.5800669945582188,-0.9186725901770267,-0.6205559964989351,-0.6344751123688485,-0.5542057401381008,-0.634700204896841,0.5540018900311455,-0.11529665084376232
2016-09-30,-1.3043219798691061,-1.9059203476635602,-0.7400711184676404,-0.5676971750984096,-0.4027312136809244,1.6441341004361363,1.3194405515308292,2.7703470593291146,-2.2550432788702865,-2.5721225431260617,-1.5876712516141374,-0.6284949066565371,-0.7353522920841912,0.5750166401844566,-0.003548499837062197
2016-10-31,-0.07575211602366771,-1.0783100917002366,-0.7211701613325855,-0.4498292649891688,-0.641752258340937,-0.14090505735419637,-0.4839056438745577,2.5035676235934097,-1.9859604360834633,-2.3892346751525424,-1.2607240233361368,-0.6263074508685045,-0.7257480546389468,0.5587408598216913,0.020358429428342675
2016-11-30,0.16364706583873476,-0.7710377027392066,-0.5344983634013809,-0.2896185231311399,-0.5295344583068301,-0.4077586834026493,-0.2264135959737046,1.8492134496594212,-1.509534198792028,-1.829616379548948,-0.8104895612210331,-0.4849554639812764,-0.526085850538898,0.3997421490434489,0.04579220670351088
2016-12-31,0.43003847871578654,0.3359472490691958,-0.5327297138382927,-1.302451268414309,-0.8893438097002937,-0.04024157594067776,-1.0155775671955827,0.8242628249998313,-1.7355287111377886,-0.9111348530764425,-0.06184877206997015,-0.4691409607818577,-0.5295792180405553,0.41068289993688734,-0.029586529790648772
2017-01-31,-0.29999960274907944,0.21020692831022653,-0.3026460384359938,-0.9356324798831955,-1.149945625263647,-0.46622578083307337,-0.19683370382452983,1.1806149564240231,-1.7701923678216216,-1.2387428651325871,-0.11959806846598477,-0.19533577048799983,-0.27876740307038583,0.23288375378812795,0.015465269166950246
2017-02-28,0.22228741168940555,0.25619106016532495,-0.021880727508053366,-0.8971435012367619,-1.0746699385678262,-0.5667608147640678,-0.09892354214606071,0.7423969468644621,-1.3890488161304941,-0.8206798500202379,0.2544499769129526,0.14537763597625245,0.021187445598703496,-0.0798248139217781,0.15474736594217556
2017-03-31,1.7275583822946647,1.1704057698725299,0.02414621087024173,0.25704273651266435,-0.8320170141957933,1.2184315847389984,1.2613075949895485,-2.081162283839027,0.7287695515331515,2.074498795272587,1.784486938001912,0.17589556492899383,-0.007772137241976217,0.8256958071385875,-0.03673224337712978
2017-04-30,-0.3702712971418319,1.1028969899926881,-0.3766343233269726,0.2739726046825985,-0.6778467471719125,1.7175668455972548,1.7239694974103856,-1.1766126675402937,0.23096777854616354,1.1425192501774044,0.9643460477450915,-0.28001826417405423,-0.34634529724890284,0.37037817176820026,-0.0386525061736038
2017-05-31,-0.6154258037122078,0.5966404730313937,-0.6361373487852099,0.6300916884420418,-0.45155388955975856,-0.4913505555957081,0.5505314033040517,-0.4059471171378689,-0.3370393025918983,0.3427961986024461,0.1896108537277884,-0.5374373877705975,-0.55706911058885,0.14573030890772892,0.12852780155616095
2017-06-30,1.5727599026913466,0.31966507918267945,-0.22201525819548185,0.4302775512651618,0.03738285979158443,2.26171850525318,0.5294130831758302,-1.958335860143148,1.7611260598558218,2.05571708785748,1.3896686191869378,-0.17723474369145456,-0.20553088775320225,0.42953759307265343,-0.03304221511157049
2017-07-31,-0.5217101488513406,0.28552914017754144,0.3646444194593575,0.5834356386619514,0.1262584203750313,2.356973583507922,1.2890592558718241,-1.1612429279039858,1.1269803289624434,1.1680343349661664,0.43033383416702864,0.30392146984072,0.28652378854850263,1.5950779829430661,-0.04328725419880858
2017-08-31,-0.6258004955260233,0.2591990638746043,0.15578103812955607,0.5671238053092573,0.4059650220214398,-0.16606560445327714,0.9650000043132425,-0.4715070182352969,0.43874365039765956,0.4325185063806311,-0.3916335442153579,0.08371904699973971,0.1451194746615993,-0.10837481291411818,0.03570325251776999
2017-09-30,0.3527524710850547,-0.5609681309720643,1.6222115468263802,-0.9825594108226006,-0.5056717381629571,-0.1515695951121007,-1.032642819048766,-0.7258313134251388,0.9683746137915976,0.7284569404591253,0.002613986153259737,1.7662611640814276,1.3482257822579513,-0.06231768984536832,0.13271539910719332
2017-10-31,1.5288885457772574,0.8927286497897992,2.9305831400052087,0.2779574733887348,0.1842272134541624,0.05088189886700975,-1.389594825013438,-1.689039137951669,2.7128974634898033,1.8664711472241862,1.3129118834702296,2.4941030694857123,2.129373170709853,0.6840340407947673,0.03560842746736779
2017-11-30,0.26080661505247676,1.513199982776035,2.5954053072437087,-0.7455420208740972,-0.22575012955889232,-0.6491475423479479,-0.5600195443034073,-1.5036450417925633,2.3637768692868018,1.6481375778604914,1.1104860490648918,2.6840002884638516,1.9519683021636751,-1.4353912683626895,0.039311289961924505
2017-12-31,0.2637734412614096,1.404259188033207,2.1373596116098965,-0.8121457926286916,-0.9251234936869587,-0.24417417449685935,0.004809810690341236,-1.1434187796186333,1.4731400536335675,1.4502520596538926,1.1515122174966974,2.720416241403687,1.6777826752440048,-0.04995204944069543,-0.00859707449821964
2018-01-31,-0.29311639673564593,0.1600893217962997,2.0472155433309585,-1.6517141264154989,-1.2101601969959581,-0.2856475631687909,-0.2760873634065204,-0.8502214419981267,1.146371037618695,1.04100514326734,0.5599193480997225,2.696088815257019,1.6720895712348998,-0.007326244148188276,-0.11517530905371093
2018-02-28,-1.7377286693850391,-1.1391246725204693,0.8672600733129043,0.03492733243717077,-0.05745877700445045,-1.0837914382897593,-0.2540333642491226,0.09502050218310869,-0.06793223486616769,0.01419085155194473,-1.0838973237157665,0.6849161934622111,0.877145193200243,-1.445315527206573,-0.0028793209677143617
2018-03-31,-0.255439846644316,-1.5019369173207453,-0.3201865466129632,-0.40306342253174615,-0.08067239805074942,-1.2293804920815683,-1.472683833637103,0.26331118716313845,-0.17679944649148627,-0.15802438906518823,-1.3214228194096247,-0.34791888161467893,-0.33467317709186556,-0.6770735368443738,0.03601386398111431
2018-04-30,0.3674697472669473,-1.033782734886286,0.1285235448880953,0.2055487002782823,-1.2168559408237187,-0.01481817338392089,0.05526238864914478,0.028974947833282375,0.16270323667749842,0.05086564512548927,-0.7773220373416605,0.40367492856578635,0.09060421008402579,0.13990958913760676,-0.014127625059255822
2018-05-31,-0.3114375060934416,-0.13268775047432932,0.3277328125574369,-1.7130367724185185,-1.335999891661533,1.8747999747955952,2.315381031845466,0.20171180717845094,0.01915929897752566,-0.1338921415515307,-0.7486119164882683,0.6808752134832495,0.334119868803433,3.962832116863759,-0.04227701632738498
2018-06-30,-0.6995929412956431,-0.4027623139627734,-0.9250968639657562,-1.0482347400957805,-1.5778452151545639,-1.0658814005883364,0.2695873362383661,0.5696702157894741,-0.338688128182412,-0.4972257259272254,-0.8889092860627335,-0.8223597975359728,-1.0063579474407929,-0.23161758981368605,0.0018535686493228347
2018-07-31,-0.0018825373093449224,-0.6610203167045653,-0.6275884130785123,-1.669635096284681,-1.4708414375888201,-1.2377426999840753,-2.14121065816477,0.5418835185605547,-0.261614462264305,-0.4794806596769003,-0.5089177722766958,-0.4892161847655203,-0.6696011785021685,-0.5720357821133448,-0.010656838352946226
2018-08-31,-0.25313332257605387,-0.607987220252743,-0.39161579992852025,-1.4926869242606484,-3.3477244428359976,-1.009239528137168,-3.046467046989204,0.6639883529686196,-0.35277334408462757,-0.6022032159320944,-0.5470759014956993,0.5828184507296742,-0.39303249673582924,-0.7274678296589298,-0.055125538214768614
2018-09-30,-0.9290154808959624,-0.7142239036303785,-0.9933155908245006,-1.1080897944875103,-2.350395205066315,-0.9956652193427883,-1.033194213269572,1.281715730641152,-0.9112424223314911,-1.1453092266861284,-1.0532091360037767,-1.0506599671220562,-1.0720178099651394,-0.03910518406582085,0.08757385942688438
2018-10-31,1.261834510294507,0.004955436001631562,-1.2725476055709226,0.4168403100078297,-0.9616307602207049,-0.2778548825748779,1.0103461114007062,0.48135739210968986,-0.09955586003615713,-0.44049341834823597,0.09348042113910239,-1.4054490933190704,-1.3753959120282755,0.035622651409881904,-0.02486132410345785
2018-11-30,-0.5829467382016487,-0.21867761130122912,-1.6147494943527096,0.47228496172636536,-0.8585419630711566,-0.7185234746557232,-0.11903166056737675,0.9964591115049548,-0.48421976590844984,-0.8975928554664303,-0.23058380999331257,-1.837733288119852,-1.7752042652037296,0.51491118648196,-0.007586997108657744
2018-12-31,-0.28331893893605953,0.25754681920514166,-1.755985456397515,-0.028480113596716018,-0.9645412326623202,-0.554377302331901,0.5776200950900302,1.4638807460700844,-1.415249128683662,-1.1795855812217109,-0.37522162090680705,-2.0806178731827347,-1.9281780967927453,0.5262962087291497,-0.10046738202163012
2019-01-31,-1.691898743923712,-1.8590514447190492,-2.067247055408113,-0.4736260811151261,-0.06146553323333846,-0.49548088428293224,-0.9192187502859039,3.340697998011192,-2.527084148164609,-2.7727947312078842,-1.5473428019104682,-2.068946299411952,-2.408676856384391,0.7406400508529642,-0.07580563950557247
2019-02-28,-1.200655360336494,-2.2012075108564906,-1.6646415153840914,-0.541198277130016,0.14802202455423605,-0.5204354122582554,-0.12400885783063469,4.045573989416951,-2.8018462267079136,-3.6410391007330114,-2.0491922327744083,-1.5964373586467733,-1.9645126890479876,0.5831317625066028,0.056495290934700806
2019-03-31,0.7844962347089689,-1.3055199927223295,-1.2494437294958578,0.7420348442224307,0.5139257495385888,-0.14654077830958154,0.6299927496978003,2.1595342455440627,-1.8256685570034579,-2.1529532166561256,-1.01627998742311,-1.1370504088630335,-1.3665926672313322,-0.13127073932452152,-0.028559665313764627
2019-04-30,-0.4171467797650107,-0.5092155428624275,-1.4189796178953242,0.1377735302797424,-0.5642725350117302,-0.5397768895971216,-0.8547512818112034,2.085922986078786,-1.6522683648792953,-2.1321327131917562,-0.9251755802622895,-1.5669776220779996,-1.6069489653196924,0.6473612944031578,0.018689360359930282
2019-05-31,0.3292399574142761,0.4876457418198412,-1.1952719188376295,-0.7360653591221965,-0.3185876393623535,1.881930434223781,1.4311488195591848,1.6010604909975297,-1.296054710884784,-1.7002824250837323,-0.2824240940098808,-1.2402397350437784,-1.301496579272183,-2.5600566575716592,0.0521782810695274
2019-06-30,0.8296940232898216,0.4626469849893282,-0.7552531097765736,-0.7612138295308492,0.16753299221316686,-0.646709436787581,-0.9142124836326996,0.9265818477733838,-0.846523434059484,-1.0276532789686708,0.6738592620521604,-0.7067790586374013,-0.7449484786771671,0.25450463394290485,-0.15843723269255333
2019-07-31,-2.7164765337217367,-0.8362751322437396,-1.3473588803341976,2.4201470004526864,1.2841235086925848,-0.042280017027097085,1.17592814570552,2.024534224200371,-1.4140249246781025,-2.103313399347991,-1.2126928595000546,-1.0826773626505646,-1.6173118889381037,0.11313119645603885,0.0010617012716847524
2019-08-31,0.13849248193338792,-0.9480848358878216,-1.2011618839725335,2.1055136808121415,1.0690231868963977,-0.2181571229694004,-0.897630695915449,1.5684658838659151,-1.1359661860150667,-1.6743999394093896,-0.9754552674283751,-1.0173828054618337,-1.411517039171443,0.54934207850897,0.12404856736216455
2019-09-30,2.0052002941857836,-0.16284243535070303,-0.4526418154064405,3.226107214515988,2.137061682207553,0.4722348491659786,0.8659666363142599,0.5109413608222002,-0.463822923464073,-0.6555863858512929,0.7932043797717148,-0.3795070725531097,-0.395010856536243,-0.14874610165223828,0.00395783627499445
2019-10-31,0.0920219608669391,1.4439207806957977,-0.733363963650515,0.25897151636554755,1.8301352009873233,-0.6566163187773081,-0.28690120018002174,0.3858658876018142,-0.34683409387725034,-0.5264117981393085,0.725712660219267,-0.5687779438113351,-0.7233797899320671,0.6173362174798903,-0.03173943146164999
2019-11-30,-0.37630094614120163,1.1144365077273115,-0.6977708651594259,0.6644835724694171,1.793771924083658,0.8062255419192801,0.5768991121993933,0.4985110011251048,-0.3904241126189138,-0.6320268014825275,0.3677040015554853,-0.5224384209422042,-0.7142811201364785,-0.40191362561243255,0.000518806756124661
2019-12-31,0.176851184789564,-0.06831365097848044,-0.6048456856207726,-1.4017947425982247,1.4588485544516274,-0.1404544271171483,-0.23026069199797383,2.525878160439991,-0.7559854007719655,-0.5174091417073149,0.6730289498447095,-0.4530431461385345,-0.9180409088709713,0.23183418523152646,0.09257161630988751
2020-01-31,1.685323456231958,1.1621605703569013,0.4947805109243465,0.10838213446840497,-0.18688062534638408,2.752795686907073,1.5976264570270575,1.2613750211680825,-0.02924615574658001,0.4815790622243925,2.126808382567114,0.42725734888724554,0.7425312592009008,0.6336041103483433,-0.10532299150164648
2020-02-29,-1.4791075990943774,0.23653544194310344,0.5132517050959239,1.1769734318592695,0.9703819332099712,2.840871701111278,1.2021835150663776,1.4779367277001336,-0.6446069252699994,-0.4935239730468256,-0.24917040067631394,0.39223577947779376,0.6782936766620127,0.26514473882648054,-0.44945816641668634
2020-03-31,-6.786307324398209,-5.554563620938713,-2.5336530486585778,6.663740369303666,6.616674475860004,3.133733730222067,2.709601694140833,2.443704746070272,-2.4184711694015926,-3.27484748192402,-6.306494908670359,-0.5836066438866717,-6.369814590124646,-10.042880600803251,0.14586532071872435
2020-04-30,1.5476540780289476,-3.1373118264178426,-1.3309387702764257,4.24291831464148,4.439470777329968,0.5029838749409553,0.4986910195470887,1.0062978570555516,-1.1915016256130067,-1.3897057703534268,-1.970340256532211,-0.17671156250564202,-2.034054413151058,-0.6119804534871098,-0.06110130108705296
2020-05-31,-0.34001862038213637,-2.226769030472903,-1.686715204749142,3.1238581522469158,3.142354080750366,-0.16136127999607397,-0.5162849477006602,0.8551481763424653,-1.0631373008331861,-1.30452670050462,-1.764568289050946,-0.23807473381423166,-2.5254355284430248,0.17755553570207916,0.009679576543925426
2020-06-30,0.2862464699706972,1.0957991463725856,-1.8725083866015713,0.1480335531984848,2.543606631192043,0.8109484746436766,-0.6856702488432501,0.514497514808901,-0.6988906116640251,-0.9128654205934679,-0.9567783779787508,-0.22506283699859123,-2.422327443610503,-1.0976909905509515,0.08195921281904059
2020-07-31,0.8882589740723098,0.6278205223807276,-0.2851145945819904,-0.2945270925702287,2.133777244080416,1.5713565162648282,0.8196800994368609,0.021452135667625993,-0.1324241625690374,-0.29493418951396855,0.6168043765933617,0.3291832111077174,-0.5089096694164423,-1.0074934970346348,0.03230938322743666
2020-08-31,0.4263713928620135,1.198295489890141,-0.0029624435005829635,-0.7531436661185426,1.9013611726590793,0.1618821863284238,0.7939484875721199,-0.2578598924073649,0.21768687453050709,0.028387649902804294,1.4750140268477296,0.48123746076988166,-0.21520828652530058,-0.0006242282767393811,-0.08911402518855961
2020-09-30,-0.6133918124661211,0.5039973532597903,-1.4166098278063328,-0.12861445566040214,-0.2537284631607995,-0.0245415018998965,-0.33537081994414303,-0.1197725166299881,0.03214065588349225,-0.2645818136407012,0.25976388807779804,-1.668507016507965,-1.6567795451515173,-0.06251978444788238,-0.05624403127592497
2020-10-31,-0.3226433573560336,-0.37688435860739977,-1.6783819574595116,-0.48105985506103655,-0.6535187750992768,-0.06168482833273645,-1.0046464293535895,-0.08781561293263186,-0.04586821216022908,-0.37153884890199,-0.16722086550208382,-3.0631216270750885,-1.9948710474536127,-0.09909502519701904,0.22875876012289156
2020-11-30,2.1497881065982467,0.8755126668468428,0.2142852933038093,0.9425747349155346,0.10608319820945405,1.7596821239741574,0.9838485043151164,-1.1848048684556025,1.5405755172983018,1.1270529737807522,1.8610687910003731,0.4111834668954094,0.07529600510029245,-1.0494805835406664,0.12399994635897042
2020-12-31,1.0694306675831378,2.1500761000517206,1.2401997662345763,0.4945487085685502,0.1397591503938008,-0.2616876955896973,0.08959227111720353,-2.0354345619304586,2.187844700266633,2.0727359741315516,2.4311642847607113,1.1190639027227753,0.8878648156971288,0.2641331905756375,-0.021410063781652115
2021-01-31,-0.10464066443407272,2.1213048912215844,0.26387515485935215,0.22084343936451956,0.13716268610634366,-0.7361673692456608,-0.2608012410954518,-1.9589426119786078,1.8928626430646565,1.8887326465152265,1.5116582263268912,0.4139303758470221,0.30033941529571456,0.4795754110377099,0.13960683548034628
2021-02-28,1.1090259191325094,1.393671257969409,2.320187472818441,-0.2819179167262245,0.2195670317487936,0.6172523936704359,-0.6178790324636656,-2.192067448748602,2.845990243652113,2.5093686204164642,2.149323382989147,1.8017218355626965,1.533861218425442,0.6994483833804847,0.2117029689123166
2021-03-31,1.5677478436768637,1.7193198132597367,10.128235902954135,0.08353094340335926,0.023264446388098294,0.6155233737631132,0.33412362242282156,-2.413896849920182,4.174267772335375,3.0523509956329007,2.856206146154801,7.819741720331951,5.106690470934954,5.3251469811302785,-0.013253409024313616
2021-04-30,-0.17569382248518547,1.5844703271234648,3.1529552949282698,0.007637741127019126,-0.20343376064630378,0.18892684842011645,0.5150703232496412,-2.0466347330059174,2.8592482877791294,2.2626094533721877,1.3673310485376502,3.2400860047109723,2.6385987151016934,1.7184791801681167,0.09916236546146434
2021-05-31,0.632635263416855,1.249846080681467,3.450154334688081,-0.04899279942128373,-0.5518281073126077,0.9997266378066688,-0.009998228687250803,-1.9541124915742145,2.8000802297653444,2.1178861896016294,1.3252403214333952,4.144174445070228,2.7020434336301653,4.521097167488872,0.03530843540499417
2021-06-30,0.14529899897007043,0.3737202445042162,2.8312954310457,-0.8292745656616254,-0.5796178900254977,1.3247810234761384,0.2986675505762831,-1.7740437678509666,2.3565768764333446,1.8042972169663687,0.9301695889829394,3.169436277659808,2.2943757216588607,4.029671860927225,0.13596233713872435
2021-07-31,0.8733658011789475,1.0246601515404359,2.595260884951833,-0.9178238412014769,-0.8268591243040382,0.4926737019341635,0.1764721533023404,-1.720746006197055,2.3380379892130647,1.7430047298026234,1.1538195403240779,3.236210311129255,1.9264011805152284,2.0117268576954683,0.027107466051224115
2021-08-31,0.003591710212767682,0.6277523965281399,2.171535906992354,-0.7413392689005288,-0.7771034181109082,-1.1669501944262777,-1.0966542061154267,-1.5235103000579024,1.8741374111216391,1.4542103878059391,0.6914530100729136,2.482880305988379,1.6521309808361806,-0.8321898669172749,0.025082673914799302
2021-09-30,-0.019241705184100146,0.5290239446220162,2.3640321171199425,-0.6699700898890144,-1.3118308406140093,-0.9216124118199267,-1.2716367464282436,-1.370719057116397,1.5729155988211705,1.2404788919742633,0.4514311087798875,4.156769826197753,1.7736970416104134,-0.41679634040302427,0.08191804254239422
2021-10-31,0.43331281867507404,0.24867719831335167,2.615057195641783,-1.0252167541302355,-1.4206001798272307,-2.242911220665615,-2.0582385513578214,-1.2939860704763417,1.4885528662306637,1.1531593652214969,0.5334062451272314,4.770341546556216,1.8418854013240131,-3.650370894022466,-0.06506929936900725
2021-11-30,-0.6803205007169153,-0.16003010609092,1.1885489674326022,-0.45869293790775617,-0.9518390788096359,-1.8323307985586206,-1.0370632582075545,-1.1154555801890926,1.0582880199686004,0.8724935485710986,-0.161359127356611,1.1045400480014478,1.0163431767918658,-1.4239708289915722,-0.01762696926685293
2021-12-31,-0.3169504790650999,-0.3388081810752647,0.706072300296238,-0.44264120508625693,-0.845634431330496,-1.696483276228599,-1.301624807531345,-0.5381823974444119,0.584905032494469,0.7122498686370866,-0.4477925535593094,0.5775772278004028,1.2068131676739418,-1.033617219460729,0.008080357383273078
2022-01-31,-0.12201479757522418,-0.6715399220346269,0.7252713628153481,-0.9750983519739335,-1.2057000438674883,-1.8303094533020987,-0.8526798313096752,-0.4782580499612689,0.5135002735915307,0.6139955193010492,-0.4490838214075014,1.1152490047283679,1.1870151989974214,-1.2647823480339035,-0.11446577832708478
2022-02-28,-1.0022064567875442,-0.8573019968371883,0.08800617236167131,-0.5964845754924176,-0.8386855138026029,-0.9565692404730123,0.1360343528195341,-0.2503465079583976,0.2116226778494045,0.38674906917026364,-0.987623791219616,0.012697427644164445,0.5306195961066867,-0.22052376410695437,0.18454464826062897
2022-03-31,1.20667979519827,0.04998376563547235,0.006913720581323212,0.5155581473676252,-0.16900660533419054,0.0235620539131007,1.0575995850256665,-0.4174921961944467,0.5189065918514427,0.5477266643551275,0.009927720047756073,-0.2712447834420799,0.2913915008028668,0.2766532056840468,0.011641399577612661
2022-04-30,-0.3698673786706207,-0.036862610729256416,0.009257965512692676,0.6403408826592998,-0.20840001290406399,-1.2676026823474205,0.3740380617475693,-0.3220556641441626,0.42778753414317383,0.4424735689918793,-0.0276137262299256,-0.2463039864622075,0.2748396434529296,-0.45122723195466874,0.015018869666981315
2022-05-31,-0.28276081375997514,0.5934048813889122,-0.20947601334131197,0.0078007337183907495,-0.23859872629180634,-0.27443714002045777,0.3485426663641883,-0.2252094709173957,0.3493421251509359,0.3426783825177111,-0.11283551196983392,-0.35949615929939016,0.028263998253800247,0.022250499930487406,0.09069741459520977
2022-06-30,0.5009519208289405,-0.11650119661468439,-0.14373120491380104,-1.1382881208237787,-0.10100792508073948,-0.9354133269494556,-1.654363027910878,-0.2726751095080653,0.5006895417430547,0.37559520937460966,0.28702871868458857,-0.32415058835043814,0.02365091685416237,-0.2857097899639043,-0.003375530631281261
2022-07-31,-0.561264745464196,-0.231525040995871,-0.49416459458541806,-0.9241470817599002,0.013786471100980512,-0.5067661906689738,0.45746142281380764,-0.12091677197186104,0.34668110429892685,0.22288627915817583,-0.131979441308839,-0.5291360424233937,-0.34489897667058966,-0.057803206833206645,0.25771075910372504
2022-08-31,2.3140798093961874,1.5092500857468478,-0.01609604796503072,1.108650429368418,0.3606822166278478,0.5658173793653324,-0.04707049933057459,-0.5804521584078551,1.1779047675715841,0.6408881859107296,1.5766853874721576,-0.28179664185101455,-0.08902998963934304,0.43325786885695333,0.043263809524081695
2022-09-30,-0.1053886327831442,1.0490846763817032,-0.01964349418167963,1.1937777700238594,0.3239057376237837,-0.5568772459110093,0.13401551634799494,-0.5826710544682848,1.0671435255282442,0.5841565182764384,1.097525930484939,-0.23401635018875597,-0.1409152360405834,-0.2553263162121217,0.04084501670212839
2022-10-31,-0.1920529909668221,1.2711481026070546,-0.202202765616787,0.758954945547898,0.18820191272156941,-0.5733974555862286,-0.2582330324687583,-0.7759439130471852,1.0023890004528055,0.6009863004300598,0.6422657081603542,-0.32954873027182674,-0.3613147265244217,-0.24684366244289893,-0.027792759854999873
2022-11-30,-0.9706487454710455,-0.8808037134118892,-0.17860508289302462,-1.305112451105634,0.43036128517900113,-0.6401481967949827,-1.1434983823477414,-0.6684399725073282,0.5983777593421331,0.3336512420315912,-0.4037620437505398,-0.3721299078098559,-0.41238348030263255,-0.32677314884697684,-0.04573698271808456
2022-12-31,-1.1084244710392321,-1.5118250291599662,-0.344867349652329,-1.1012523200443,0.8336052852309934,-1.0463927870729293,-0.7655457426290542,1.402248412401038,-0.6307853693915881,-0.20258852647173411,-1.2403595131942236,-0.5050033484392524,-0.31929459978467134,-0.5481748716290743,-0.06194252109815831
2023-01-31,-1.199746370903048,-2.099530521194034,-0.6452915551265421,-1.751679675847731,1.190679063483952,-1.4347287653715834,-1.981068468143015,2.2714302760725773,-1.2686755229730442,-0.8655830514216187,-1.947214789119727,-0.6707892918778692,-0.5918941338182819,-0.6218284562664268,0.05251253265909191
2023-02-28,0.09196587346628869,-1.3248839904133618,-0.14790735806339145,-0.47018658631760385,-1.8288004016182489,0.2871687422638565,0.7473124243427063,1.7333135685769854,-1.1709200432993863,-0.7458475277664394,-1.3086461728612722,0.42856564452728924,-0.0912101072911094,0.19195425996226412,0.08940109279495179
2023-03-31,0.5483922527204623,-0.3291948218057141,-0.6097564220325921,-0.0226944389376583,-1.2158634227441047,2.054415000798262,2.1714774887713895,0.7915058771845961,-0.5536858498037848,-0.16129497690515737,-0.5052665313289733,-0.18017142548515966,-0.8000322313629922,1.0927413683819147,0.07171654736590238
2023-04-30,0.44190192724656857,0.6360586420289019,-0.3188094676879737,-1.5031623018885583,-0.9207583925553202,-0.07796188220819915,2.022108536238062,0.19421614279334878,0.011055600826820583,0.3490914936338612,0.14665012596496316,-0.08819199227325886,-0.5902257273498972,-0.05767968184624663,-0.06607562272214182
2023-05-31,-1.2822009180950682,-0.1395024973825054,-0.6263003491405795,0.2698750691913644,-0.5556938357698964,0.06583605588593856,-0.19571527980019404,0.810816941135423,-0.8118475309167229,-0.6675660612132476,-0.5689884128724034,-0.4055581825499,-0.7912036785825249,0.05338996593318923,0.023990176068146706
2023-06-30,-0.09625650309114202,-0.5643103893506325,-0.8178117931240251,-0.07563472259169397,-0.7312030194666709,-0.7757110131259585,-1.793382029267073,0.5601295532089615,-0.6431093455754014,-0.5957962380699097,-0.44981186879362484,-0.48909160407342805,-1.0361210836794237,-0.26059662015829826,0.0513071973403061
2023-07-31,0.23639569217819867,-0.6821602033947295,-0.5491753806998544,-0.30486625180948224,-1.236055404919712,0.4671730117888994,0.24176758692535052,0.03539288906212772,-0.22264719189383128,-0.25495504493448296,-0.23787642814969587,-0.13269335676915972,-0.8025021076559481,0.3918642565345203,0.20632598616437567
2023-08-31,2.209939768959158,1.4270245243352149,-0.6846561974401576,0.6145140581499734,0.3458370273795527,4.3248390403064265,2.4524826476036585,-1.6224117944443426,1.7482731658858848,1.9729310272298333,1.5143128550468377,-0.6099100305374627,-1.1729225148604208,2.3957677584878474,0.06843395605493477
2023-09-30,0.37213266282972723,1.685054213786677,-0.5224842734161356,0.23663329550597428,0.2962989631183356,2.0470712854832884,2.7048076836884527,-1.898393443737756,1.7563639659006502,1.975910542942005,1.5075648273456772,-0.5101545243297267,-1.07113060621205,1.5160195484839698,0.02378133143463644
2023-10-31,-0.15242494340128138,1.3742158818457892,-0.5375656559991088,0.47007103584132887,0.27978410115990077,0.4250217114981366,0.7457297756802712,-1.8421803146717175,1.3044874944121232,1.3655235529343817,1.0465423741710547,-0.48690723501357946,-1.0927454818090683,0.46416965021695844,0.111521274432407
2023-11-30,0.868470147876074,0.6431918962602738,0.5225412174154896,-0.90807733176827,-0.7335830095771119,-0.21303155450063274,-1.7992083298727484,-2.1418489728903976,1.7093192375540673,1.8360343323982522,1.3617121414406024,0.49843789957902807,-0.7437018236545351,-0.16554882063749848,0.01275862609007405
2023-12-31,-0.33926051749636277,0.22438719770968793,1.4935459489609437,-0.6011900189211794,-0.6463695752491044,-0.2462926289312512,-1.4761331723258817,-1.1692224541681147,0.22382447726331578,1.1424576627761396,0.5430668995479525,0.9484825858104974,-0.18294049772032134,-0.3112116662500802,0.05103004491388152
2024-01-31,0.08726781535660458,0.3695078967996535,3.12649821431925,-0.6836504587263647,-0.6466835987873395,-0.1823224238720608,-0.4165780044009556,-1.151408106822995,0.3513320511563965,0.9791180670077336,0.2409125780208548,1.7799671271308608,0.4683813236207599,-0.3311706008968005,0.0031062512575251206
2024-02-29,-0.49122651776167997,-0.4507084714970289,2.3110570109155026,-1.3281238242132687,-2.343937629279811,-0.02243167200171583,0.43944671948748537,-1.05011964103039,0.12447043304194987,0.5710782682319966,-0.24940839116851599,4.858731269200252,0.4489330565113303,-0.029405122229196366,0.05225059097881561
2024-03-31,0.02585675164910682,-0.24622329697425052,1.570906185496871,-1.1774958396924018,-2.1445619020975863,-0.00808565270845021,0.3940935231586708,-1.0744085696270584,0.2685419302220282,0.5429258056311033,-0.23934187478857058,3.079566472984638,-0.04702657556587865,0.014962058155765394,0.15713607139369903
2024-04-30,1.5159152473878332,0.5478390738752902,2.389028262563386,0.20590670104856434,-0.9993015184355972,0.30942146894873646,0.4700060114558925,-1.5493745599143558,1.2948548990255373,1.4874038299424979,0.8850506789720914,1.6405791393674791,0.07829938717942195,0.6161601960921939,0.051056675083354014
2024-05-31,0.004032616523907389,0.8686119492492705,3.3799788170854805,-0.19843059510258998,-1.1245081294167563,-0.7198988021883234,-0.6185642377036703,-1.4125330209414735,1.1336793684502964,1.2279859380420446,0.7417992178799548,2.5941881367194117,0.9787396284417038,-1.6856732987223495,-0.010937054829738344
2024-06-30,-0.8219507812808337,0.3710464434752852,2.352711204385306,0.5524630366759259,-0.8444112816104646,-0.6978788935783411,-0.5375900635703079,-1.0079307322218725,0.4931018491559038,0.42198235953511676,-0.07746497657436761,1.7037149910803628,0.6358644807901112,-1.461542495246136,0.023473058103965817
2024-07-31,-0.3168050598836115,-0.6531442300861354,1.7866044258207947,-1.0855803984482921,-0.7298449224722522,0.09858559472348574,-0.09088275929183744,-0.8356605979762227,0.30236627085009327,0.10827021206058914,-0.329633513779622,1.3197511584580028,0.24218068411744964,0.29233909205978076,-0.035080178308615484
2024-08-31,-1.0954295879721607,-1.2766548108415119,-0.23943550574360858,-1.0899058244724116,-0.3480135277532511,-1.1467252941130994,-0.46719769891640117,-0.4040889792153356,-0.3683221092711831,-0.9490701648979787,-1.149567355126679,-0.19291644024674376,-1.768193216197903,-1.2589354930322665,-0.03195369787229081
2024-09-30,-1.0665783574239265,-1.3422659691328216,-0.9128919165747079,-0.9207170070606365,-0.030180322136065592,-0.8641091778402686,-0.1479955751790909,-0.07975943061316612,-0.8207494420850304,-1.6943522721488662,-1.70192715146801,-0.7052819669010552,-2.217721308387991,-0.6722435849602129,-0.11619278515198407
2024-10-31,-2.270095120468158,-2.2903173193667694,-1.6846787696389114,-0.37164725296852885,-0.7015389887611694,0.13985348333402833,-0.4451539167553172,0.5579376147734905,-1.8401556582726246,-3.0800743837588143,-2.5845763493508183,-0.9766596493215262,-2.587958212757306,0.19858486012216223,0.03846863740086749
2024-11-30,0.15409490211863927,-1.5119170784968048,-1.919799497511467,0.8931406452225121,-0.7848333611930894,-1.2693908752515697,-0.06454072176752505,0.44154193846524326,-1.4677382372473293,-2.3708739349013306,-1.6521391806098291,-1.196544677540169,-2.6210394711530562,-0.36802459370509777,-0.07971225329576402
2024-12-31,-1.5271436852757265,-1.7308007287785134,-2.1172855161572777,0.9608342784349514,-0.4981575904764256,-0.7954771569120079,-0.17690591600919706,1.8524839418052774,-2.910847858673669,-2.9215102371605277,-1.9169181824842743,-1.5015796421629748,-2.4784392008590403,-0.040345124721424916,-0.08946370882124005
2025-01-31,-1.6015266186863693,-1.4404736418004656,-2.3666027252134128,0.5115914126880972,-0.6660506996009293,-0.9561952993035552,-0.9237097392247617,2.561702707377485,-3.0731661089634557,-3.3070386072408353,-2.055149189319651,-1.829282280590515,-2.7289832008916073,0.16908324760387106,-0.12984754914696134
2025-02-28,-2.0866547673835396,-2.5664502001057015,-2.4409790193420515,-1.4103434376768171,-0.11478948212187744,2.315260214255383,1.8245507925915412,3.5946669961789643,-3.2720204569917515,-3.7971242310916717,-2.4035794697606256,-1.9970486076755252,-2.8345200544350164,-0.6280591205675867,0.145733787150672
2025-03-31,1.5412118170861444,-0.8935400779974548,-1.8633556093577681,3.596744000117887,3.4364752778818386,1.1549238678095402,1.1615986476663434,2.0613879260350636,-2.155224705527947,-2.1314018019819594,-0.8143647626547155,-1.508097646979742,-2.0626039859642336,-0.10183527924756108,0.026065287027974268
2025-04-30,0.04571802368223283,-0.16205133504769317,-1.9605334663146645,2.4769072860206225,2.3753818919724834,-0.5778040059469226,0.1383249503518206,1.78315982248336,-1.846293326983817,-1.82011609617383,-0.45146790589687724,-1.5355459245520495,-2.1828764901682947,0.4400231323510039,0.14408764020193304
2025-05-31,1.4759638344925659,1.5153787987801857,-1.5505582371601094,0.0527518919766179,3.1017897492835615,-0.7396786205715716,-2.0326592294013555,0.9233974533248845,-1.0927926719438399,-0.833139430854704,0.7820158599706014,-1.282725391055243,-1.6345527938886018,0.3593282299070691,-0.03383227885688165
2025-06-30,-0.7362520240986279,0.36992480687788937,-1.4614891335523115,0.740923301534466,2.282017343429881,-0.649217902368336,-1.6120374989236477,1.2154527484286448,-1.2698968642494264,-1.091990771046527,0.33822424381282234,-1.223050825040823,-1.5401279935630892,0.3641239600974121,0.024810375307576883
2025-07-31,-0.02125785967683523,0.3368970260680314,-1.3455180580524386,0.7110398642265348,1.504325972019644,-0.2160051323424507,0.1784770889466758,1.113739220125156,-1.1328132872213887,-0.8901657784628627,0.2719837890883792,-1.1605449502423268,-1.3864092780691633,0.18785864980216127,-0.01526013391999096
2025-08-31,-0.47326072258457885,-0.6026096549370589,-1.2038190443046783,-1.1416843384522612,0.17630092088049376,1.4065442106340473,1.6801645132615979,1.1807279673927467,-1.1650544661601574,-1.0573386906372633,-0.23655553715471528,-1.1011085142223136,-1.2276061229055122,-0.23293143704681374,-0.005220042202322818
2025-09-30,-0.27804933875984916,-0.3752952877931223,-1.0720974076876257,-1.3193756585029914,-0.4330459519228516,-0.5255803452540251,0.26202078767018694,1.1249214248175667,-1.115473606708729,-1.1203831742009962,-0.4077554306652313,-1.0387818868562817,-1.076434693009128,0.45500745944559373,-0.03839826664502298
2025-10-31,-0.67297749941598,-0.7022207504500212,-0.8533629925066293,-1.3183195411624586,-0.1847933772001549,-0.700345967391193,-0.9327080144571197,1.282516798729637,-1.2331453473898537,-1.5713004940058686,-0.7601903726150059,-0.8529646880975764,-0.8250241203232165,0.533205536535335,-0.029260990397623574
2025-11-30,-0.5155949819818353,-0.728437283355823,-0.9279253514909255,-1.2039198195676104,-2.1117627597889634,-0.03780624019931612,-1.030124598626361,1.3242961892528553,-1.2454963098233467,-1.8429003431239368,-0.8021109091748461,-1.1564188333626086,-0.9303456991761373,0.5949194044130514,-0.017207832984753785
2025-12-31,-0.29432895745753834,-0.7429961675738065,-0.7422261423756582,-1.3224530044032576,-1.9247255773800551,-0.37573468127358717,0.06186853188945568,1.896794221093144,-1.7458632960139222,-1.9333582575425283,-0.7723806342766393,-0.8034695126757286,-0.7161388260846429,0.5167114444569253,-0.06366002890914477
2026-01-31,-0.8979745020282108,-0.8476570687033608,-0.6304897346668542,-0.8679255235808142,-1.7569833861164206,-0.48703321802190624,0.503984869110041,1.9720362562873788,-1.6960400032504002,-2.440037582890218,-1.0115040715564496,-0.6179900229837778,-0.5787621407273666,0.4246647113971534,0.08398859779897397
2026-02-28,1.1315119510691354,-0.026248425616713592,-0.08547402790502014,0.5270845955222879,-0.5184701082777715,3.393485394262068,2.247820459182441,1.1347938492867002,-1.159267612143888,-1.253530422271356,-0.0914605187888397,-0.07839407154227968,0.1808212957708065,2.6303365801400718,-0.024311315608138893
