NMDC IN Equity,ret_1m,ret_3m,mom_12m,vol_3m,vol_6m,vol_z,vol_trend,ey_z,bm_z,mc_z,rev_6m,mom_vol_adj,value_mom,liquidity_adj_mom,R
2006-04-30,1.2572971422985186,1.3974101675713027,2.037451803015223,-0.424271972499576,-1.1051050499284534,1.1981087669028265,0.4403146491560026,1.8012189638630878,1.196056603434881,2.032273884503722,1.8833210884446836,4.199260089212931,-0.6490246952385753,2.2795583334739047,0.06210336515428837
2006-05-31,-0.11153461955872213,0.8820352565171652,2.488524193476171,-0.15999036835060473,-0.8768977303516559,1.839284821607834,1.2097228916070024,1.8711417182550556,1.0691304879100272,1.443085077979933,1.0246735900142583,2.922480046818542,-0.6408067894785926,3.8490584498316065,-0.029617910009799988
2006-06-30,-0.5229913439639842,0.38944925615827847,2.0087549297602934,0.13887129654061078,-0.5749971531100712,3.2589703533547363,1.2614192161359117,1.686518243994722,0.6491216022780513,0.9972941121395887,0.1306766010096616,1.6181602446548784,-0.5833186370282901,5.855583996310601,-0.038794624337753145
2006-07-31,-0.754570732883321,-0.9121387898217044,1.090391668227848,-0.8245328066766674,-0.41298318116111243,-0.26722802119466516,-0.2610300651874384,2.0863780926203224,0.22791474234367998,0.4143013775159508,-0.5980226681027815,0.7136085263018418,-0.5478335472459545,-0.4381428296122078,-0.2193926832309151
2006-08-31,-1.7812307508623746,-1.7351330230487534,0.01985328316191789,-0.4157716403346794,0.020582497483414827,-0.6794537378683108,-0.9820937197898708,2.0076550042240404,-0.75145872907181,-0.7320380422032979,-1.5562004099426934,-0.3197141035935537,-0.5380803408514538,-0.5884411872208694,-0.025444126433267406
2006-09-30,-0.6715988750619571,-1.6492957526622127,-0.19821132731886953,-0.3526428410233786,0.07913186911106278,-0.7392178989733442,-1.9423117995744554,2.0197481710519387,-0.9275263984279769,-1.1855721076374384,-1.6459137667911583,-0.4469230764928742,-0.48618702254723095,-0.5667926202340634,-0.004050638449845419
2006-10-31,-0.4747567682867284,-1.406008051834201,0.08229916965408843,-0.12659966296012104,-0.9280419369742808,-0.5875726771779406,-0.6061489857233965,1.979153356194734,-0.9484194381855926,-1.3758304477895953,-1.3819110712674352,0.8953886322597255,-0.40394476982884686,-0.5465989165443826,-0.03985003340669659
2006-11-30,-0.6537797496669037,-0.8008218748644763,-0.5599407505024487,-1.9239296907728844,-1.1151432502509162,-0.5609409251523918,-0.16307951978644095,1.954735481235704,-1.0815437219691046,-1.6675496318902285,-1.198480547551844,0.33017438285898093,-0.4767751413115045,-0.34656719006425024,-0.05535868021114779
2006-12-31,-0.7145552976707497,-0.8162143973452147,-0.9212115793983086,-1.5599799437120245,-1.266589138796679,-0.5839417494882974,-0.33664991485592993,1.9819052787311826,-1.2289797563444773,-1.972751535013965,-1.0673915572847978,-0.21163980917850864,-0.48079543836246447,-0.25628304994986406,0.10127853498491997
2007-01-31,0.3354697094504459,-0.45836795534808666,-1.2433738472716909,-0.4392780155519588,-0.7573696943402424,-0.3425435556869135,0.16891298671105648,1.8953970552229948,-0.7555921550238524,-1.4257462569366972,-0.49961737253293764,-0.9489155136111627,-0.502536959346171,-0.10700084882913564,-0.016268787896684588
2007-02-28,-0.37140254730905087,-0.3320841687437655,-1.5807553999832766,-0.4876874417333575,-1.7053816212558173,-0.1746568522808832,0.3931178084515884,2.1794285647032265,-0.7324880693884227,-1.5446398870832625,-0.4711530132753865,-1.0989723822943127,-0.5160197658865456,0.007430927433118161,-0.212817753660073
2007-03-31,-1.6922527604821478,-0.7490488818420936,-1.844850126315477,0.8392588734666812,-0.6569166205047827,-0.13537474583633854,0.8594900958241015,7.4930283738615735,-2.874336841394468,-2.596748534991131,-1.062877310326746,-1.827440246803067,-1.923027824100645,0.06816137476075229,0.007580579573677737
2007-04-30,-0.09954541904019426,-0.9770778340737454,-1.9665642761471211,0.22202347906459674,-0.6112873638666059,0.030296590159502087,0.49505957780015913,3.646881725906774,-2.369806282033474,-2.3285439753419617,-0.8319128038778749,-2.0196996639569793,-2.21313737797991,0.03963602749233576,0.016849072544324713
2007-05-31,-0.13893059683665898,-0.8595032344248217,-1.7838310425842971,0.5401579367269019,-0.5035528365867157,-0.2606024713598411,-0.28368809542101747,2.5825974746276357,-2.0560398775740385,-2.078460257747455,-0.6659651732380109,-1.8574914981075747,-1.960183946079809,0.04200792113466427,0.11833293943708172
2007-06-30,0.6034510190201982,0.1507085209955354,-1.5131148292446,-0.8432415891467411,-0.11422183856583722,1.4579225368725557,0.25664000675822723,1.5782074846483116,-1.6220205460343826,-1.4603945276097694,-0.229991576344569,-1.5436615411838102,-1.5420298391565233,-0.2776488906064234,0.4370305387598107
2007-07-31,2.9298626414557734,1.529642530705016,-0.9893000593940793,2.564646254226135,2.6525407626041155,3.271532282396352,1.6798573018636702,-0.20233528068883302,-0.28228319462541,0.42793037853760585,1.5650177416923068,-1.033951214236157,-0.9856614761812394,0.06187058572241011,0.3358632850140465
2007-08-31,1.7915023302261697,2.4167645845037056,-0.1275826734937535,1.1112320720064914,2.908472203604354,0.5618855210021569,1.297928322798784,-1.0155116133390718,1.022149220916466,1.5774653377108876,2.5260975178074454,-0.5822257243328907,-0.3607871641014489,0.21713900965772012,0.05913052322682246
2007-09-30,-0.04511637387067993,1.91375312905631,0.09103651824691411,1.6314030540096505,1.21227829388483,1.355966285719859,1.2306685198507046,-1.0164985436283136,1.0585968791328422,1.3771393505869265,1.4573353202809798,-0.27932170635099013,-0.21321164024588865,0.7812087557510302,1.0734171574919231
2007-10-31,6.048097171904833,3.4172857822444405,4.156621821153166,7.476681608815026,5.678061759883455,1.98929704157639,0.23521692569631883,-1.8927235205379989,3.4713785067372234,3.678455379259937,5.294611880737439,0.5434066322818388,0.30157785952144006,6.566683246399522,-0.4548749441167758
2007-11-30,-2.192798383726882,0.9409059933923033,1.4393700391848943,6.467244983473986,5.104155430703331,0.48320281862957426,0.6823515624858789,-1.2417635006056986,0.8190559513253388,1.2226922139917487,0.40653050037110594,-0.2822392240298635,0.21398917900107736,0.5796699268190852,0.3497688212791755
2007-12-31,0.9136822929817371,1.5068106163600472,2.806343262285999,3.664702316604055,3.3479653278122345,-0.22888091472585664,-0.5298103238811701,-1.2444165253914694,1.3375856114731495,1.4060079139831019,0.7292749284560901,0.2086816095499245,0.41566524321829357,-0.14018141914815233,-0.25738033860570514
2008-01-31,-1.2341724750589298,-1.3886442860583708,1.1559821472155372,1.1392859419063963,2.978126653535749,0.28134487267942937,-0.7826134754024596,-0.9387969715113003,0.42687914156599804,0.49296369167609827,-0.4444236073995261,-0.2838134130433779,0.15041665947129373,0.35339243360220957,-0.013248360323281142
2008-02-29,-0.31309284786217373,-0.3822828991870746,1.0718748544714483,0.5078356596846048,2.4296765693860567,-0.6081209118172946,-0.9623779747045682,-0.8372719130957389,0.3026034242632374,0.2334398031240534,-0.650434537471511,-0.28652553088092897,0.14355270262360725,-0.7089587229417389,-0.017416811651454357
2008-03-31,-0.2965004635472775,-1.0854822739653736,1.5570470915893413,-0.32733364818458605,2.097635981426533,1.1045484085784743,0.8777631220472979,-0.4688552232926296,-0.36721652251132525,0.028696408336279098,-0.7923835652170428,-0.10009333701767056,1.1292719903462747,1.8233367915341605,0.3105022164312876
2008-04-30,0.8289414841880506,0.12925041162429568,2.499008568960541,-0.11408817369906805,0.5135507094010917,1.2657490915918101,0.6184048776071789,-0.6258060011824048,0.11482387216097184,0.36768158284065877,0.026215528866114456,1.2310261185656797,1.1758460332572827,3.0264379549710747,-0.13127522841252223
2008-05-31,-0.6570494462487051,-0.07150219199723189,1.6488034758340735,0.07232198328348205,0.04813139171162053,1.4497445678163736,1.6866964272101788,-0.4731590600110815,-0.1261066340445766,-0.0026316482863496496,-0.3619219107275241,1.5974595788877672,1.0995693698941222,2.4175083250485567,-0.41600357906504815
2008-06-30,-1.5835622236824687,-0.8581560181076415,0.2646641153254762,0.7205798428398504,0.05206331916895723,-0.9348178704668431,-1.1418240238709485,-0.0890532907277416,-0.6845993635483536,-0.7563843478533616,-0.9964466901940568,0.315497154068417,0.6207912722965564,-0.8545703622603699,0.1900199812126147
2008-07-31,0.488480769438578,-1.040795724315008,-0.11871575241266255,0.3811214379505919,0.06103529487217938,0.3593754973472522,-0.23852697249614477,-0.23880651748369602,-0.4029202582392107,-0.47296546998743033,-0.5537215904640358,-0.07596682161664109,-0.07317107412489901,-0.06082699012031325,-0.08116488778473509
2008-08-31,-0.4110625872154377,-0.8906225656034231,-0.5849184316570822,0.33769194034358657,0.046361497918625996,0.8822926668337154,-0.24750941964060383,-0.12456455890573749,-0.49538598928294075,-0.657082590205468,-0.6482938241530077,-0.5905225970045684,-0.551109969705808,-0.13857238529628435,-0.34404698325826394
2008-09-30,-1.2862881638383452,-0.7443099082231585,-0.8721400710450614,0.12186002659790612,0.219157093197391,0.03494756686538029,0.9566249726944772,0.271452177718684,-0.8634748284032497,-1.2573747148358554,-1.1174586812651723,-0.9286074046530342,-0.8401755365909052,-0.4305428326903958,-0.4051737752583252
2008-10-31,-1.3951570164983005,-1.9410242461872638,-1.3040264484615391,-0.3767419744619714,-0.10219467335650148,-1.1909031449919512,-1.4570500558573944,0.8939596444834913,-1.1173307180067165,-1.884805190491941,-1.3727085587414831,-1.4345927623519035,-1.9985167613544343,-0.35198027043350305,-0.1248718949542771
2008-11-30,-0.4462662965064147,-1.8584737527192208,-1.1611290409031854,-0.5126890377050168,-0.13857255922786382,-0.5500437093674276,-1.1032372941373778,1.0733307956419142,-1.1075042955578873,-1.935398278179657,-1.2296507835137045,-1.2624598794718023,-1.7452294448405448,-0.49877658472466097,0.2674288486027159
2008-12-31,0.7447941004398546,-0.6065412351851154,-1.1133750832672051,0.4138503783208599,0.038159542191637516,0.23775290964368012,-0.1956464230199246,0.536503870515408,-0.8917161292252505,-1.3992600711217689,-0.6964033058456502,-1.1290830808869123,-1.3934832304767495,-0.651069914172724,0.0035300087084682475
2009-01-31,-0.087757809527332,0.12294803489444504,-1.013452292287253,-0.36176139520762,-0.19722685908921192,0.28628552637993077,1.00163313715115,0.514483095749062,-0.8526504862739482,-1.3568500124485305,-0.4427993726925124,-1.0135968067236358,-1.157923093362882,-0.6423674503865575,-0.09194308865172887
2009-02-28,-0.35997252282175124,0.17030126881849217,-0.9921730909644518,-0.46709183835301415,-0.24364104499878944,-1.8141605330995538,-1.044721357130031,0.6457231197970863,-0.859964436464795,-1.4532769921618096,-0.32793776982421163,-0.9676982706562498,-1.1702752627106847,-0.35421002298105825,0.02668277003932609
2009-03-31,0.0026177238379246903,-0.26116975923300106,-0.9558320750388148,-1.1671413428155062,-0.4782572755083696,-0.9316960993686656,-0.885308517083653,3.8789111480300003,-0.973720032282786,-1.3910622414539178,-0.13811995347213948,-0.9310147905800611,-23.94171286651341,-0.48095939953627265,0.2394526054416798
2009-04-30,0.6120009510292754,0.14636491811626717,-0.9542383751772016,-0.5653128784910596,-0.9343571696140639,1.4661131388371704,0.2932534617231944,1.9114758866740331,-0.8807123853236621,-1.038523170497063,0.27013901603671586,-1.0576659088955551,-3.808943613033181,-0.8471905434578667,0.81821080741092
2009-05-31,2.304717134396726,1.7210716544581421,-0.6567535194005357,0.7131487747287497,0.24996592653407207,1.5896768466592472,2.07582485864501,0.6836964966513456,-0.22800704467399213,0.2823977885271866,2.0352306723295692,-0.5319942347890992,0.40383723282388106,-0.44674399684649135,-0.22400695809075163
2009-06-30,-0.8176174856558487,1.126964756789153,-0.5694371095606023,1.2583966265376265,0.5150510049913458,-0.29748999207635846,0.5413447431350715,0.8776443961737797,-0.5704095878911817,-0.1981289181200546,0.5603202372584983,-0.48336800599899565,1.1123635096695925,-0.4536912935815547,0.00035011962778160315
2009-07-31,-0.1710817858729832,0.6615454671689084,-0.6865744786893436,1.3013511063824135,0.45493980115148136,0.31649340473160403,-0.20834538780516956,0.818830317669942,-0.6169530230333689,-0.2719204017827457,0.20284848221723661,-0.6011908273572006,0.39553510344026177,-0.4809451580588643,0.047066169637381104
2009-08-31,0.0018888635293282646,-0.596777989878535,-0.6198971417194138,-0.9224060335442681,0.3033856994108307,-0.8929772990811644,-1.5086966809063584,0.6705748798323554,-0.5446480230732661,-0.20929773257211678,0.03116129009774952,-0.5373317556628158,0.7773270636645816,-0.509764485358072,-0.04624970023878513
2009-09-30,-0.22274082041105836,-0.24043932965209763,-0.4141957288209615,-1.4283818680962543,0.31644618571498134,-1.3520892470821217,-1.3108547371242532,0.610061563374934,-0.5462966538431421,-0.3205809186898642,-0.24671366403949985,-0.346214836809748,1.9823446066123054,-0.5945959365606416,-0.1780634092828688
2009-10-31,-0.5744079254944187,-0.4949240339776293,-0.21834726362878215,-1.0143754299476169,0.40414301791626,-1.4186926848939763,-1.97921479345685,0.6842076284436367,-0.6413983842950473,-0.6169974218899869,-0.6250305419785211,-0.17077807476341578,3.4312447563987605,-0.6818806911963198,0.31074916055471
2009-11-30,1.1567558239189593,0.08748002657124235,0.3805431459289198,-0.2231457722167545,-1.253173615793026,1.8602830157627113,1.5196544635375788,0.25807086492594467,-0.045703772426180705,0.2512037923977304,0.2575757574197424,1.2163704200929273,4.090116619570627,1.2441458631295477,0.032743710579193896
2009-12-31,0.08224890101088975,0.3027814121803654,0.0827788012777487,-0.17713036011660793,-1.4287037516218213,-0.33175321068233876,1.1059199351601707,0.13701271702602613,0.2795195430772139,0.4540436527495185,0.3086273161789104,0.8524658778047562,1.9680487748762283,-0.29464767574817885,0.1605109860742302
2010-01-31,0.6059066553096908,1.1647637038012202,0.38646632106988055,-0.865797952418949,-1.2586920816017533,1.8112637820038253,2.9486970832068895,-0.09567040065420541,1.3093589181566678,1.0145480725575153,0.7503161880381665,1.1728408806358748,1.9273040570606015,1.0870169415885078,-0.13755515508600216
2010-02-28,-0.5671276141318131,0.07870720213639143,0.3537168428886219,-0.7145918270452608,-1.0376637005832534,0.4037895910214833,0.0033531344423795443,-0.06485627420441142,1.03217047133679,0.5699142040695261,0.1477103391852413,0.8463783821764286,1.857661674771816,0.18290632575727503,-0.3868561375216662
2010-03-31,-1.471562710206028,-0.8472371669922512,-0.12104790499177036,0.3005605159880922,-0.27979098221404297,1.3175958384628403,1.4646085368673871,0.30002979359614046,-0.5005229882061758,-0.6705792786011794,-0.8491012557043534,-0.09738305037869165,1.0567692563465512,0.09414137732165175,0.016638849740377885
2010-04-30,0.08302200564499794,-1.1521118559632555,-0.2651000370142323,-0.28993888618206826,-0.3324052457723265,-0.32951319650684063,-0.6883065386393731,0.15935366269757786,-0.26025947229762125,-0.47254366897667405,-0.7843249514009822,-0.2730477162973571,0.3705851236086911,-0.38852845935854446,-0.06305730850841573
2010-05-31,-0.16198019488749607,-0.8992827244961853,-0.8120310969154515,-0.21655526368981262,-1.0861416973074585,-0.9653803373840026,-1.056009551066632,0.1369669689261083,-0.37577389343876316,-0.5909273843896587,-0.7393345066163209,-0.8495689826474505,-1.0733515474542723,-0.35341594239188945,-0.056843055906083066
2010-06-30,-0.15008703068885437,-0.13139152590921266,-0.7505349539347719,-1.5354100301587168,-1.1102346431468944,-0.9656856767266216,-1.7783684803312656,0.10941656994719035,-0.5332549401677104,-0.763938112301907,-0.6594050038278978,-0.7478417619653945,-0.858587462313643,-0.3046421778183206,-0.017815009089675142
2010-07-31,-0.06471507647387625,-0.21747352624878288,-0.7090893522083657,-1.5477426764495341,-1.5429817274955997,-0.9699533075344513,-0.989252244828721,0.021270687816658487,-0.45806608969561885,-0.7388403344566415,-0.41624464348631407,-0.7749786930131973,-0.8551468234725049,-0.35539001714290674,-0.08120692226136596
2010-08-31,-0.28014159663519916,-0.278523243424929,-0.7413771649643227,-1.3484486514548064,-1.418514082314164,-1.007292586105673,-0.4127821466444934,0.06431625074320195,-0.7212329552833049,-0.9827199570242443,-0.33215198542947333,-0.8366101302759333,-1.022877177524287,-0.27523471569558683,0.08409153964622558
2010-09-30,0.3680120476356535,0.01238583866055056,-0.5862486829330465,-0.8650769696623858,-2.3782104755040123,-0.8755518649640627,-0.1042428585765376,-0.2816340822328654,-0.12218501767722845,-0.5795845436612033,-0.049619093127043205,-1.1766437020486131,-0.7738361394440773,-0.2896017186991518,0.058277966136013826
2010-10-31,0.20455187320456414,0.15865182009740722,-0.3472304067784992,-0.7629685938193345,-1.9651432687015664,-0.7511663907623262,0.09636298031914708,-0.5408909792848903,0.15239288231580644,-0.41922597878660045,0.1285346588982417,-0.4385032045967412,-0.41961573225323895,-0.3505679683153257,-0.12819712892202131
2010-11-30,-0.6788295403271923,-0.02723401756713078,-0.7507086630693139,-0.5417033500508515,-1.6044909574246808,-0.9167643562121983,-0.0843399027314212,-0.25584343336886284,-0.8298620089357979,-1.2427287044709383,-0.26874229817545703,-1.2407138017561867,-1.0109206668051562,-0.2171991139563886,0.1328661636861377
2010-12-31,0.4606329833678312,0.000630332030679505,-0.6963358773182857,-0.40051556369338115,-1.2649699711641156,-0.9956012948140848,-0.6247491294194201,-0.7001932591764641,-0.03122901548738738,-0.6997622192890601,0.08323677352975367,-0.885324851224897,-0.7828962794098017,-0.21730069754635403,-0.05752087842626503
2011-01-31,-0.35220125181514406,-0.3479909180648647,-0.8663872442504872,-0.34481685950993657,-1.1285681050354937,-0.8761228915309132,-1.0072518296510653,-0.5951309697533309,-0.5232587425149877,-1.1741732948440673,-0.1684824764431852,-1.0955480684221364,-0.9896257557035694,-0.20151486731612733,0.0001591469725649419
2011-02-28,-0.08404796363295129,0.020231937410820838,-0.7824857357943668,-0.590490638122201,-1.1220709029389397,-0.7037892687274596,-0.48011890500564025,-0.6704860391384279,-0.6270574014254591,-1.3844676347396083,-0.236038500434247,-0.9717943758862406,-0.820205630383568,-0.28768526380479165,0.0783274834163108
2011-03-31,0.24714795447489543,-0.11513912232014428,-0.38284739338904544,-0.7679059844491369,-1.045902657257766,-0.7870848398638955,-0.05254423423942835,-0.7665346433578166,-0.28664122294989036,-1.1204521318629566,-0.016135371594248778,-0.22482976674307303,-0.22947142535088416,-0.3874952102652307,-0.041306465398620394
2011-04-30,-0.2958497297559664,-0.08089533523337501,-0.4789074992937408,-0.8229297990862549,-0.9806169836166777,-1.061626663774581,0.03683564212832917,-0.32449527747161167,-0.9085362262728831,-1.648498645846924,-0.16067379832026527,-0.3562485036054671,-0.3924254210821208,-0.34571626267829464,-0.017012473405944896
2011-05-31,-0.13816639438751513,-0.1120713338736889,-0.4616531516096493,-0.7631529495832904,-1.126805441791639,-1.194339607187866,-0.33315384787551094,-0.15003272983297042,-0.9464030606134785,-1.5702337920722893,-0.24389576495492427,-0.3193415661403102,-0.39176978724017625,-0.41025552015697786,-0.05218853856562978
2011-06-30,-0.22311508132650368,-0.42763301924429725,-0.4486417383242281,-1.0323828310094054,-1.256602016166047,-1.1254804738372253,-0.5749175598850751,0.7671919749837854,-1.2000446683010582,-1.7733960612692,-0.33067562025472086,-0.35026826643124226,-0.3803647766186589,-0.4088388395829582,-0.05976221647356508
2011-07-31,-0.3467007076846606,-0.4388732895820241,-0.47598721005237793,-0.9997231824083811,-1.1730803594724815,-0.8795457090383354,-0.4159519449361505,1.9169220190146559,-1.4422185132679104,-1.9248573711988064,-0.524242800591049,-0.4868914384638069,-0.4380904212244375,-0.38478059955940463,-0.08479344889180784
2011-08-31,-0.5172037728761235,-0.7034067406159475,-0.4700529077793112,-1.2860048610470725,-1.046060850646247,-0.1481323686499465,0.3676148279868438,3.362558305721416,-1.7466503521413816,-2.1618763695292027,-0.8197480772390822,-0.447503629835231,-0.44569937266081316,-0.420424641208023,0.029931153162622365
2011-09-30,0.39678684140714854,-0.2982354163934403,-0.5092213577846487,-0.6324007786648039,-1.185796907168277,-0.07000983933711694,0.5017198993479176,1.6994865108313375,-1.175219247959461,-1.5465159585634278,-0.30908784888174784,-0.7904263511621538,-0.5150403477205465,-0.42071867142471087,0.042221677978351684
2011-10-31,0.4649918349440936,0.22087437139136176,-0.48594197364363734,-0.5189969378143481,-1.0255210059391413,-0.7283165438543527,0.08558995698309264,0.5439410513590602,-0.6877170078073453,-1.0285826010178343,0.19280776086734958,-0.6501158124780234,-0.48629017443912675,-0.36698844539940306,-0.2477367872171661
2011-11-30,-1.8597033455589083,-0.6084936159935389,-0.5482885222270196,0.6981492029801333,-0.2544907477681262,0.1978346344873973,-0.18351696914431412,4.793499952631945,-1.9997341185623827,-2.3428782416779965,-1.1317901380582827,-0.5010140672465996,-0.7488503518353977,-0.5057753099196574,-0.1391736138898794
2011-12-31,-0.9030200307191916,-1.3871392556242448,-0.7442796537974407,0.5599123048623618,-0.13312176658365005,1.4897533019327331,0.129738680396263,4.305349970281872,-2.277799409256659,-2.606303816565735,-1.4572405944971536,-0.7786568418256975,-1.4184658905896632,-0.9047510558133988,0.10416312894111265
2012-01-31,1.220085669902234,-0.9699840005709877,-0.5345452919081353,1.1615252069657906,0.2828881711914633,2.6454406843949827,1.1941838616796496,1.704364476402722,-1.8873355804407514,-1.7555669769930327,-0.36640162651996266,-0.37923210176327077,-0.8784457269157586,-1.0909798388875982,0.007240484743699302
2012-02-29,0.4349375616809109,0.5298966785042909,-0.49049909564071137,0.2826834086723346,0.3192999239017706,1.51645256305816,0.9902395892964359,1.2929335247715634,-2.4315075768869865,-1.688547230968591,0.05424064746192944,-0.2966613826513884,-0.8236672856295385,-1.0237016130174734,-0.11088345762627001
2012-03-31,-0.6547950196108987,0.7330050983048227,-0.9131539086908369,0.08676071227243992,0.34915987965559186,2.215882537428165,1.1973001664766705,1.8634809455957495,-2.9012083146297005,-2.059802058305574,-0.34127258134530225,-0.6748078328072143,-1.6609237105504095,-2.093486560136175,0.08112216804822012
2012-04-30,1.2172211416379557,0.5217331442685521,-0.7021680006097933,0.03537244238617941,0.6411389069194078,-0.11213993902367643,-0.8673949755872097,0.6118273365685758,-1.4026398609364932,-1.0250876277099956,0.9264122373323528,-0.21994188318216285,-1.1581753152684482,0.32200000732580397,-0.04863433838234637
2012-05-31,-0.2920647045588926,0.0443645891397543,-0.9045461707538986,0.1420215939273461,-0.04626099972846347,0.17220419790348984,-0.26156057828133383,0.752384835651724,-1.3614510571806189,-1.0541431682966043,0.5340029789523605,-1.0378980371148967,-1.499576214748943,0.05959708799042602,0.11495441713195695
2012-06-30,1.5308197432901742,1.9845061912688706,-0.12681424362586355,0.018019317797888703,-0.17682344504759293,-0.3441521350522363,-1.4080457057729254,-0.423895131112111,-0.09272941626428229,-0.03442820678473161,1.5358253067366536,-0.29616332232278675,-0.32147209684407624,0.49310351642898564,0.0038069691035191983
2012-07-31,0.19850734009112503,1.0982508736158088,0.20554330169933185,-0.08087327151576044,-0.3537906126998223,0.2984966493185667,0.7669835177569783,-0.5503545677296632,0.13493546338069748,0.15008856055637326,1.3942244962351018,-0.04475505863457892,0.02895723802362856,-0.0157825190783731,0.014864389047876054
2012-08-31,0.3071875969443253,1.5436257406034162,0.7516469195537073,-0.6453865693683758,-0.28750668671281504,0.005893985530661785,0.14456299319391325,-0.7393567109639494,0.4254523792910674,0.3987913934216925,1.3455491449342725,0.7392974442497522,0.5936430474345903,0.15505341765432618,0.01984148815488019
2012-09-30,0.32093288905613815,0.6263026051274653,0.6303901643745135,-1.9300157091969548,-1.0780041559612725,0.35535909570966623,0.9981154538421987,-0.9440678738135407,0.7445038685463478,0.6767881292277134,1.0989154475428697,0.06713276239357059,0.5134687844565629,0.01630856871473277,-0.09410192903163299
2012-10-31,-0.9026447437315193,-0.18869352666380654,-0.15343819772229875,-0.5081185088916305,-0.6300603692361079,-0.5754989132437374,-0.5058228219738146,-0.26366861281094783,0.07305953869122139,0.10215920474392538,-0.08106561017895281,-0.8603664162327667,-0.3576417906801898,0.6751948528837445,-0.0809919246408684
2012-11-30,-0.6862024413794329,-0.9365013737622947,0.8432217396527636,-0.5276281398794752,-0.43625953227586123,-0.5495192486542391,-0.2216097866121481,0.2620472908503879,-0.3588357429973883,-0.3302843928773836,-0.8848812053127054,0.8437863636417308,0.5930021679594859,0.37183975585944695,0.014300550142196113
2012-12-31,0.35165334737112847,-0.9123980674831443,1.816166210657593,-0.5502223465882221,-1.2683147238072066,3.0173387512822614,4.471022451174783,-0.03923571580171552,-0.0193257744507028,-0.004829229503102521,-0.4889339496139058,2.565682875626341,1.6800675454049605,0.3960761766678679,-0.06684001812585033
2013-01-31,-0.5424913752902419,-0.6175795265534605,0.528187313274187,-0.6643583455741112,-1.1170795560757916,0.8929571550831171,2.9363793992042093,0.3678986484531777,-0.3247140242201385,-0.3500088152005481,-0.8169643776414695,-0.14897221668264113,0.27957888456401786,-0.29919597724210967,-0.11934293966559531
2013-02-28,-1.167423886477596,-0.894708500338947,-0.28628675926384173,-0.2406991770061111,-0.8847897435311959,0.24502311195642168,1.9454365743611428,1.2071265719659612,-0.9771394842887287,-1.112747831037438,-1.4390191953811946,-1.5434042893974125,-0.8121242377612987,-0.083522934053704,0.0003053901382720288
2013-03-31,0.3217806698120227,-0.9361365556273203,0.33575173171010997,-0.3804333234469264,-0.9755435181151847,0.6068275105203863,-0.9805495822896053,3.4450540152150353,-4.210229761017039,-0.801558750909192,-0.7285068228422202,-0.4469562952387076,-0.6017505648507209,-0.14605804053484137,-0.0863731351853269
2013-04-30,-0.6772354620720162,-1.0209313331211474,-0.6510206903186916,-0.3302480905036757,-0.9353346577610496,-0.03407506742260878,-0.7955136499656753,2.1870534539315307,-2.517103122427355,-1.2999453416739035,-0.9761445552147189,-2.6182736378917784,-2.603303506888538,0.13523611932632534,-0.06711618577978164
2013-05-31,-0.4175656827804491,-0.5146624631797986,-0.698281451473601,-0.7017017456558544,-0.898637804080022,-0.24461915297481943,-0.4589806670210545,1.515639529177751,-1.7230005462063918,-1.4973459426974833,-1.0445104125266509,-2.525743467678962,-2.6489719823160724,0.33892628949454,-0.10896655075163346
2013-06-30,-0.8919557401128022,-1.362730258294697,-1.7955507474390653,-1.2330038844201532,-1.13981734766073,-0.3210592051242472,-0.8638381506679397,1.2952359895776442,-1.2539392449995688,-1.8754594825111792,-1.3025855364770222,-5.579450046167404,-4.675134093552321,0.3840380201995754,-0.07413850976843114
2013-07-31,-0.4402099088170945,-1.1654839727671669,-1.9764671775871043,-1.2071583534136732,-1.1217632164901679,-0.6955282897788352,-0.7460702344528987,0.9686909972602408,-0.8467827924228649,-1.693065539401659,-1.1848160225368027,-4.111077949766594,-4.109758752328461,0.9382780535426963,0.19513634506682062
2013-08-31,2.7300788096845148,0.9312602093451164,-0.9699699961558892,2.051379766059874,1.1083950670044158,0.11630231378817282,0.2903082678871707,-0.3196078915047581,-0.2274514981270106,0.3410941616613817,1.1126775123207324,0.08865091098274164,-1.5555118268768362,-0.3256651065089223,0.009103704330365111
2013-09-30,0.35953818354743555,1.7652140051487721,-0.9467537461840775,1.2135694183691408,1.0334749133671564,-0.5156472662111117,-0.13018283707228484,-0.5108579804028148,0.0482654467466821,0.5821134114611662,1.4018162782221062,0.10211336029736999,-1.434739763094647,0.48409240942324955,0.1447957002738207
2013-10-31,1.7787896681375641,3.170494340879872,0.45635950316902946,0.2337365218429665,1.3373275708863328,-0.36538153553445746,0.43746310140252864,-1.1899077934069568,0.4730449356937322,1.9699229237790226,2.765403163134516,0.7606627356739509,0.01937616352074944,0.317875527224751,-0.046606181676909
2013-11-30,-0.23935688595926383,1.1062475355374517,0.7096654016698447,0.25807051666285113,1.1491025765849572,-1.164148122400759,-0.9288193413938789,-1.0757677357192867,0.6364925866486318,1.5380417504515427,1.6235176700683691,0.808404978367221,0.17011082667383212,0.8148767215386064,0.06867686579621934
2013-12-31,0.9190075351604571,1.375589895986447,1.0487089509048504,0.2896052543531307,0.5913841903175459,-1.1059473879905528,-0.49030465272062934,-1.3116706539938885,0.8910658542465552,2.0444544237488023,1.6648580337777474,0.8612704029276061,0.5348335566483441,0.6826189518472302,0.02159406930782998
2014-01-31,0.3075870309643523,0.525419390205374,1.61111041623062,-0.5559161658715182,0.10395741725572558,-0.1893327049371275,-0.40442603078034856,-1.349442068614202,1.0124034685439565,2.0862416525511773,1.1479893930726657,1.0545633143386126,0.9774301061504226,0.249619654663716,-0.1285947362272186
2014-02-28,-1.4223885743261633,-0.06813145446931383,1.389289367268648,0.7226760277100411,0.2780287779656264,-0.784022305502185,-0.11160460584570785,-0.8292189983728997,0.8799161636419721,0.899214185620488,-0.20841182669384364,0.9810562722363937,0.829718347746937,0.33243799868229185,0.08794112629776588
2014-03-31,1.166440077435093,0.05956382195390644,1.9086661169078212,0.9819177189128746,0.5096747183635888,-0.9448805627136696,-0.2420760189223588,-1.151799935583455,0.9489428320986075,1.5958342998456623,0.34675558077890406,1.271211299897283,1.3283389114089832,0.07763386287251263,0.0758245634258139
2014-04-30,0.9351188537769883,0.4165716695103699,3.044545538512693,1.2713272904001414,0.10646487486880846,-0.9542808954718773,-0.5064340227657165,-1.3819457703316582,1.1112115898259367,2.1414625722492446,0.8899595436464086,1.9393933170275792,2.1477910426215754,-1.4898969488567924,0.12383430450761106
2014-05-31,1.489751732415292,2.03063479622987,4.0994069018963835,-1.3939251466464209,0.3684390045517375,2.0961739692934573,0.3949539105812918,-1.7082203500974438,1.3465607185689203,2.8171053013885747,1.652695186972472,2.6322338794291515,2.839080264118236,7.699192450776808,0.07104280865678227
2014-06-30,0.7729719108977828,1.689404591339852,4.476725539205983,-1.1619225598477887,0.39373796637696146,0.7320356204830599,0.2774140831882004,-1.790191021665249,1.470749460111677,2.838988831978441,1.755893048934669,3.149122633758764,3.2105897803442907,2.80565157578722,-0.07079659420275006
2014-07-31,-0.7873854429487105,0.7498575360236112,3.1906970618414023,0.7479320738971096,0.8364768011902901,-0.4554124553355698,-0.0005437511051893523,-1.4977687128151922,1.3421692527655331,1.990468477735518,0.7251202854818536,2.323746663174684,2.746810210650843,-1.0007272531834532,-0.002958582039745154
2014-08-31,0.011868888435584007,0.0075160306757329,1.5819552925329057,-0.02723225538132449,-0.3457585762017726,-1.9213699703615656,-1.4137107952277834,-1.4503296041228404,1.3703971900925505,1.812933345619816,0.3180376283232995,1.713084568532929,1.4696251297071903,-3.1763155290415406,-0.02474816968919414
2014-09-30,-0.22253038422422888,-0.5139875217249401,1.2958552382780368,-0.9553871508679798,-0.24984168592920905,0.12876557299839828,-0.4310238935654872,-1.359848488147016,1.3653991778656174,1.5803975456067108,-0.08378397312502703,1.3781259579808594,1.2561382274326724,0.2503431456843819,0.03261835295839933
2014-10-31,0.43742442846052343,0.11727851503106175,0.7702563122452423,-1.1719678301129537,-0.4127339983056948,-0.8437477077318493,-0.5006792407205913,-1.457169676311081,1.510934373216995,1.644735089669949,0.039298022174022694,0.8896316251482655,0.7771271758081482,-0.7079719881713026,-0.19971845694969148
2014-11-30,-2.2527482011414,-1.0344649924732197,0.20645988605663285,1.2534932135805756,0.5701062182913803,0.166557538212876,0.47380990889089347,-0.7317352970782014,1.0434302714488661,0.4732967467841809,-1.2353142201459821,0.2732219661076622,0.33281549000880695,0.01318833874073666,0.03555538326222716
2014-12-31,0.43715738620178907,-0.6716854882599393,0.08625180607941299,1.5028487235143864,0.2743254227542546,0.08741113956669128,-0.24576739797719951,-0.8896035239268992,1.1563588147085349,0.6531397753586756,-0.6845442365771359,0.18547035778771143,0.212107391843676,-0.0139330249463886,-0.024548281205261358
2015-01-31,-0.19933591920275748,-1.0116762720933814,-0.04620020917960543,1.0629371751015944,0.16837118097647946,-0.5230081029447781,0.04101089805209432,-0.8027196541211538,1.0960202602987104,0.4915876496676036,-0.6367302947908232,0.08146968964699597,0.07773171529942725,0.011119485134478576,-0.017007720122470194
2015-02-28,-0.1403162854758897,0.05319629454061938,0.2736436785984946,-1.1261098536733656,0.08892177312496581,-1.2442536404614462,-0.6602129213355815,-0.7284114595898417,0.8801333732655658,0.3463701274248203,-0.5291121909217237,0.33284914808467175,0.41284590491574985,-0.35156808827641817,-0.07723793772905951
2015-03-31,-0.8456664026445875,-0.6399069618042857,-0.24905762944292573,-1.0643675838977402,0.11086606687367387,-0.00437767557877826,-0.05977168065078885,-0.304952315592786,-0.39152255074519277,-0.1300591324510516,-0.8460609101815797,-0.09822686778864073,-0.13156062566192725,-0.023533112315919782,-0.00390879976505272
2015-04-30,-0.01388031217092528,-0.5442504736147132,-0.46658805637232714,-0.8764641419500953,-0.1655303666819862,-1.6275840938692157,-0.735358249666091,-0.19766495934467165,-0.44689863443135386,-0.2064982842420648,-0.5010994338237887,-0.30177626417358644,-0.37018651298099475,0.6006584499299924,0.006181897025668346
2015-05-31,0.058419336694912956,-0.4449062441940493,-0.7695827775829893,-0.7011204793242205,-2.2902098310759027,-0.9437342322028839,0.06518669042201142,-0.11629544414850951,-0.4591880844854233,-0.2685819748902657,-0.3860812389348034,-1.3139687840102565,-0.6983456072123428,0.6634503524077491,-0.08386121172429777
2015-06-30,-0.9687830435183697,-0.5117838249227971,-1.1053852037381802,-0.6166649819261293,-2.131630345377691,-1.069123338546351,-0.7966940591440331,0.7981646288351147,-1.4062192242938876,-1.0113796359861322,-0.8574879687005846,-1.8781251165328812,-1.173112005902654,1.1491605691775446,-0.15250594261437997
2015-07-31,-1.7620823995798411,-1.550056810381661,-1.2857620918231207,0.029971415780306238,-1.1113273277672429,-0.7311563001818527,0.26529504236024626,2.970481278998469,-2.7558944119773954,-2.4330208700197495,-1.7363622813827209,-1.3669899872395312,-1.6632949076222534,0.977331816757678,-0.008665207922440835
2015-08-31,-0.11019972361539905,-1.666668506374455,-1.3245430821316044,-0.20642425166979106,-1.1597410020527938,1.516699548381854,0.9019787943261133,2.6079753154189396,-2.116750718920554,-2.255763864135634,-1.4047760874877897,-1.5256435157455528,-1.7705385495001056,-1.3940968086318912,-0.08156341025455871
2015-09-30,-0.888219996320772,-1.4975626609984052,-1.414343316294118,-0.12602253808405178,-1.0518370862705706,0.032401148537940266,0.5399138772713273,2.6114265193231794,-1.9904279390201012,-2.2713229894310203,-1.5156324813175786,-1.5522399400953182,-2.0147635605018728,0.20368549632271404,0.07407585447454273
2015-10-31,0.9914795568733772,-0.002208166588962773,-1.32139487676739,0.10923586153427463,-0.1441766503375713,-1.061323184820569,-0.08984288503037682,1.4041781636798125,-1.105073992916995,-1.437414681094774,-0.4987321758276113,-1.0594264307391938,-1.655717734855929,1.3604778599634593,-0.05448484499737294
2015-11-30,-0.5057672873781937,-0.2099797792639244,-0.9931916382829523,0.28074799698755626,-0.23309420041810444,-0.26122694903278454,-0.8229895482761644,1.4446617194231082,-1.044039961260845,-1.410759335092074,-0.43531761190454976,-0.8032776961590361,-1.2387707488275392,0.32304799759032665,-0.05529274165699888
2015-12-31,-0.5107114000385276,0.01626296137321026,-1.1346952118003657,0.05393833257560132,-0.239323641568338,-1.8028861269268428,-1.3795359465230117,1.4258978769909367,-0.9583399161765692,-1.3495764045195533,-0.43843688764762767,-0.9507956960207695,-1.5029343159328015,1.9076077731941143,-0.1066039102849148
2016-01-31,-1.1009790932966161,-1.232040859856822,-1.2192503890959483,-1.2032488260272178,-0.8540595636220634,-0.9096164687229544,-0.29333842545939065,1.6004140997010314,-1.0168753290024335,-1.4107990577502216,-0.9935590749762216,-1.24144670688477,-1.7902307231048986,1.1670851521416612,0.007745972114655329
2016-02-29,0.3969372357598225,-0.6882034575924638,-1.1017570896332423,-0.37019724542421634,-0.6767959414433209,3.790432811119122,2.3539203251458987,1.142357962078213,-0.6848650639719958,-1.0842078400599025,-0.528548601770811,-1.073132451768478,-1.533939972703144,-3.725325202846814,0.18583048247052625
2016-03-31,2.6200342788913806,1.050288007538943,-0.5628665136642312,2.2462490345922603,1.8289344439540827,1.1538857779229654,2.1381505707370145,-2.2533707377393406,0.518988498657793,-0.35859942690857927,1.2450694670385163,-0.21826476556087254,-0.024710307974796786,-0.6936824868658735,-0.029477643638367582
2016-04-30,-0.17254439821595452,1.529857807548288,-0.5824555505757048,1.1937602375569814,1.4956574052472038,0.04390350427894883,0.7697307520205606,-1.8252796416652781,0.4752399263901685,-0.35910007324024557,0.9778526433468582,-0.25424274347737713,-0.04650843815536719,-0.04237259477310639,-0.07536091419129035
2016-05-31,-0.6716930909787383,0.8839463301105137,-0.6890870980659353,1.866250914132855,1.5190343126627845,-0.046114076259002476,-1.816906819974699,-1.5041323076888642,0.28000301349667156,-0.4788858036700561,0.3600221697000395,-0.3159357905983175,-0.1318714296807394,0.01931308339357926,0.061628693970852404
2016-06-30,1.1283474446716621,0.13084770504526982,-0.3280773815123167,-0.12586358837316322,1.496343054234811,0.2569743173859362,-0.5761263094583621,-1.4520499796575856,0.648680853818631,-0.16091094411835274,1.0835715092091827,-0.0469375534513008,0.11426582216220586,-0.08421797928667893,0.06350654369370431
2016-07-31,1.1643644306795684,1.0663921435868857,0.3536393826066708,0.08980641588429318,0.6364338758918787,1.0708626816104887,0.8824634405329727,-1.3940008038140128,1.0762382082546462,0.2015340867602137,1.7405006321695673,0.4410213279410442,0.5160895283298215,-0.08274725154242558,0.07691453058985365
2016-08-31,1.2392519943075186,2.503919167932488,0.8953424157170664,-1.8091861137091962,0.6802173886945578,0.6689774848080858,0.7045373717085084,-1.3319100124550793,1.617284372214042,0.6576471217940156,2.187422969741142,0.8093732253937719,0.8002323772107608,-0.0010566272463087038,-0.020756570527468942
2016-09-30,-0.02389127131030145,1.5120417378800304,1.3505187953050155,-0.5022319062423622,-0.8508100367163187,1.0246021304708457,0.7552651492302879,-1.1882672361130322,1.5523399077826818,0.7245278240968779,1.558410375366986,1.3324081765948619,1.0089747972162897,0.1391358771286379,0.2285897149788322
2016-10-31,3.001547398470785,2.646550360319976,2.432201085443024,1.3382252827701764,1.2858713907479165,1.6468864187323535,0.5948622989694493,-1.2427338332436553,3.4651245302037172,2.2367065307433625,3.7065860325877322,1.749445715979188,1.3231485747121288,1.160942424027946,-0.08506685249930496
2016-11-30,-0.7754722795218914,1.1569312739045585,2.133750771317803,2.2524183458401743,1.3063143262829056,2.501223356474903,1.8965918737921894,-1.0602337743731685,2.2516915906315225,0.44471308928469094,1.3453461093498902,1.6249447784966728,1.3242619616088867,1.7468745486442903,0.010571283441505661
2016-12-31,0.18263413020628705,1.2750404442787011,2.3263296079132147,1.9266209519676398,1.3190714937086754,0.4451142097880965,0.3541059569848008,-0.9461027119674541,2.173432892035325,0.6135803256586535,0.9031918668272785,1.7682794807866702,1.4275579056060475,0.195889452920341,0.15318102979491868
2017-01-31,1.8042886027881826,0.6705195629175127,3.6479434328194076,0.8954808159075026,1.6622937274945273,0.44520602315196406,-0.09982404915334876,-0.9260143938051857,2.9551266126336215,1.8489690693212342,1.7736526993857946,2.524529654989881,1.8212044417725477,0.7396888070634923,0.043565608043461365
2017-02-28,0.4546724142006417,1.4748312691229875,3.028907629600182,-0.1313904344755612,1.5141251304640255,0.18316825515212765,-1.3874471292295196,-0.8413725898913733,2.5819490596507646,2.180802306713617,1.4653933264279506,2.3217239427699043,1.7138481852684329,0.1864520065312719,-0.1213069302368046
2017-03-31,-1.3158472412744129,0.5045970966243751,1.2028583526282783,1.3110437888570183,2.208329878492119,0.5639211042505692,0.1251820962696708,-0.5687209545810045,1.634782178934586,1.1815334237567616,-0.06571431106232342,1.037461281369208,1.2336688095047017,0.29474200635759157,-0.042737427455695545
2017-04-30,-0.45632912672889425,-0.8172828132582541,1.0750566952313678,-0.09551043577581501,0.5238009039585223,-1.1276947467361982,-1.6351325376992363,-0.4740031140119879,1.2366592937870082,0.8749697677434218,-0.4003271569497127,1.153194122474794,1.1618402102093328,-1.480981772277349,-0.141914618850818
2017-05-31,-1.4593253447385133,-2.007405561484151,0.7814521401122823,-0.865156756013366,0.9284595923125961,-0.28469376546525665,-0.285873017628492,-0.31675784126412604,0.5824043471603212,-0.20622479364646779,-1.3887454249563702,0.8394827126827404,1.0139552077466594,-0.4711861891391713,-0.021802355272486383
2017-06-30,-0.1519342935051335,-1.2084764462697335,0.47186375104908346,-0.5919613917313666,0.8377124737360095,-1.1778700867281473,-1.4744147973195187,-0.24982916330822186,0.4491964999038407,-0.28195140713647104,-1.3179209013692148,0.578988953583522,0.7715648085667768,-0.7650414636996529,0.15779005522553657
2017-07-31,1.6163770361032628,0.026721317978424565,0.7132548178702733,1.5068905985688104,0.8605814349579178,-0.8208722063705682,0.46011491416896966,-0.2939965741568732,0.9548217461026987,1.0634359132629894,0.07203664974439648,0.7440577554354538,0.8472983500541424,-0.7789469706173869,-0.0009912440923975647
2017-08-31,-0.10090809920419958,0.8285653248525957,0.4063385017213466,0.1405691487410715,0.6093590059767421,-0.07129918894805719,0.11726411091305679,-0.18964543002819412,0.8172195131973884,0.9773243412853009,0.2754975801716678,0.4923010905284993,0.627359526529237,-0.16445812469776308,-0.07265956197508502
2017-09-30,-0.8212439998088761,0.4396348747680866,0.19661540846108772,0.5794762756170566,0.198423230216558,-0.057713102974082935,0.9729346079182281,-0.016382236988316486,0.39396647984466676,0.24462430327039258,-0.23692167322087804,0.314856437160349,0.48305259541162826,-0.2234028223431323,0.08449013045555565
2017-10-31,0.7499557122674559,-0.11751636143630945,-0.2672560655201755,-0.3899564433905995,0.5392530678926472,-0.7696313521522494,-0.015372416257866723,0.03724830908905862,0.6592791323846613,0.9831542832415382,0.4874517373241019,-0.1295435511894353,0.14694848494135962,-0.15795801727329548,-0.0042560221388755586
2017-11-30,-0.1449068565852139,-0.1472951122243863,-0.09177247562490015,-0.38809561680441285,-0.8894081453543364,-0.5314779636234512,-0.5465253129846225,0.17122811696150886,0.5130875932527437,0.8354632909313799,0.16552569490417798,0.0471961479023986,0.22700096400377395,-0.23382341093579811,0.07700964499042354
2017-12-31,0.653277422092132,0.8486254670275692,0.07070237748139564,-1.0783745188250562,-0.9762377547594145,-0.2331475485026879,-0.4634539978987104,0.23783829889403435,0.7961541117135269,1.4632538770645136,0.5058725317416605,0.24040074282541324,0.28673932062082175,-0.1923066471148697,0.017763525940349904
2018-01-31,-0.0006601165523598196,0.3375168988086285,-0.42209479433446295,-1.199107280954692,-2.3727286637810265,2.717344149493073,2.070475919423639,0.40735382686697524,0.7885417842493724,1.4744740605098137,0.4547832726648742,-0.3709417659500082,-0.06323098772445632,-0.2965859142005234,-0.08108771784551926
2018-02-28,-1.0938307459691399,-0.28522803797331053,-0.8751333069825437,-0.3441735561785591,-1.5758808896512173,-0.13058345967018137,0.3065880136207406,1.259245429254584,0.10463001662498823,0.3558236400652957,-0.5134403724787849,-1.0171258637769351,-0.5309689891632136,-0.12418817917073217,-0.08718791507818065
2018-03-31,-1.0924198574979191,-1.6017417192792243,-0.861735097923314,-0.8700385987486126,-1.433383572265132,0.42639813261572457,0.5937971056297664,8.04334349558555,-1.3569209065094412,-0.9239827225333468,-1.4779042731295957,-1.0361137376420626,-1.1615438461841228,-0.5646297897291467,0.052951523285525354
2018-04-30,0.48386124816524134,-1.1982819182911166,-0.5854292237635791,-0.30610429018132534,-1.6500160106236845,-0.9092802363282272,-2.445450620402948,3.1240985218869737,-1.0505882851533046,-0.222630252529724,-0.7959844622545784,-0.6114447107295337,-0.5936913582097735,-0.21434795956681127,-0.062174717436729456
2018-05-31,-0.7897692922117755,-0.9649222633116441,-0.3477216365928141,-0.380376045921387,-1.2824499640800406,-1.1394895395545825,-1.1454202923185544,2.535278437422788,-1.811529998182773,-1.2849005464320797,-1.2171291143560496,-0.2163705318499122,-0.10425163244665991,-0.49663016624911765,-0.08319568925581838
2018-06-30,-1.0268857753924086,-0.8690952182127991,-0.6810514474330261,-0.3610643755972942,-1.7676952211788,-1.1418521118161324,-1.6295790326922408,2.188913908803295,-2.6679994483212033,-2.4546570985827327,-1.5438780495727287,-0.6822093365749485,-0.7117498695394217,-0.22800855985349663,-0.027087033862995737
2018-07-31,-0.35092754562864764,-1.4028409921667904,-1.430561336528102,-1.500071581716723,-1.8816610804319882,-0.924623359946552,-0.33331554447310524,1.743035066966939,-2.613025574278489,-2.292193064072077,-1.2250542853631432,-2.1462336344358475,-2.394680465406919,0.33529177798844684,0.05797604827034007
2018-08-31,0.5984505312014836,-0.4834077504072363,-1.165443487754826,-0.35138410305567663,-1.1713698114660152,0.7388272502170578,1.6123608669297036,1.2075674727375765,-1.8507910827941683,-1.2263738023566457,-0.40116673305578243,-1.388347006804498,-1.6302999011702557,-0.7350995278330551,0.015278851348922392
2018-09-30,0.15047097746576446,0.2544327452529435,-0.7944846507903826,-1.1974715779270808,-1.3750861532845584,0.13904445578508298,1.210321943226282,0.9532505328626939,-1.5969965989286874,-0.8861819885756163,-0.13960795579690496,-0.8270290819284716,-0.8737442827119961,-0.2827923983834163,-0.03653202322935296
2018-10-31,-0.42455960948480076,0.21282101050543462,-1.1740040744766784,-1.0474527781535372,-1.6827393586497679,-0.5642368193482248,0.3756118074909486,0.891510149865473,-1.60539242414514,-1.2330501238311011,-0.2320927980570336,-1.6474518067789519,-1.680109684063769,0.0817053661573713,-0.12964831738521645
2018-11-30,-1.527905940912131,-1.1240203371134336,-1.4547222733939134,-0.28764987253406754,-0.8814542231025297,-0.18395230724044273,-0.7026257455105022,1.0946174607560775,-1.965085499585074,-2.330629454458046,-1.1455128730917055,-1.8059865529518289,-2.5052502671154087,-0.002694862593234291,0.010425811205336708
2018-12-31,0.25063311523305964,-1.0706837023833558,-1.4995547433349963,-0.27219116143675315,-0.933046703153061,-0.5930624042314792,-0.7078704533508365,0.8427668079750369,-1.531419402776911,-1.642236430758304,-0.7722908498308283,-1.9482337465367776,-2.4744382602633292,1.0386351704148664,0.0004320587667124038
2019-01-31,0.12858145408677754,-0.7017074047327468,-1.4074857381903723,0.038858506233645174,-0.8492641853722158,2.0709717494890985,1.2343665547314886,0.6740751104776018,-1.2732677071747243,-1.3172410306260314,-0.5658931574591458,-1.7936776213906303,-2.2020507122697643,-3.4138497757556823,0.03855593001428964
2019-02-28,0.7417941990500394,0.672282935669451,-1.0476875275338238,-1.933475786383099,-0.945897611692617,0.2880537159745846,0.15339397190530754,0.41358576398400576,-0.9567705165145921,-0.8049151728505487,0.1662336861347248,-1.2992544373912742,-1.3566202228892423,-0.0980967751010551,0.03632311165099479
2019-03-31,0.7161362012740937,0.9991952050123015,-0.6149021808977067,-1.6714635813058794,-0.7522357097979705,1.6777155178075545,1.2319643358326884,0.8931185624469393,-0.9345815855510164,-0.5936957985523255,1.0309226815639572,-0.5753724101724145,-0.7668148059507857,-0.8493889817101802,-0.03881999184958198
2019-04-30,-0.4032103963997414,0.6683466415069913,-0.9850486201485668,-0.8211276640782632,-0.7025417191731123,-0.45150422671922535,-1.0918191544807434,0.7860053649188096,-0.9339432001118484,-0.7738803567939044,0.6316834622388472,-1.0371679581725377,-1.4217591176463398,1.0005044544542865,0.008298802814695064
2019-05-31,0.2561637922427709,0.35864422196298024,-0.5773502729449653,-0.966162171556472,-2.4052418743339414,1.078480439991163,0.49882768528217125,0.5265442828000926,-0.729619256440469,-0.5337281236033595,0.5826811123126946,-1.782311022280162,-0.7838556900671614,-0.7436023468931069,0.10874321761696919
2019-06-30,1.7181299308203097,0.9813319899408853,0.674880784857925,0.31668040813192516,-1.1115217309093042,-0.035708187327778695,-0.6217293384688812,-0.02146018100528409,-0.11297322173697578,0.4961546284265393,1.8270600303136253,0.9762809559282802,0.9358177904778617,0.35494798283883916,-0.03815382510495278
2019-07-31,-0.5770874216673416,0.9240627627326135,0.6506067345612853,0.2909522789278802,-0.7376052776990248,0.63178915935273,0.7756079504049405,-0.013451060206760882,-0.21285694194451926,0.16093940997029416,0.773871641041687,0.8572036363160432,0.8792676463862331,0.4703732539230247,-0.26823436705763054
2019-08-31,-4.289173584888578,-1.895023987877234,-1.367882536875944,5.2512398656457435,3.3297888947127117,2.207724181082164,0.5327845636809366,0.8600705641835732,-1.174679531406324,-1.8760591987351334,-2.669123958922159,-0.30035299687528005,-2.420508056461679,-4.0845308037547285,0.06482171366318129
2019-09-30,1.0155044788958294,-2.146430045910324,-0.9918437370956438,2.9708022398564173,3.076417145749743,0.5425245825577172,0.4634761437338325,0.30629829761806115,-0.6869055343166739,-0.9164729120981774,-1.181213878168171,-0.0688222536410303,-1.5336645932736168,-0.7306190769603873,0.23859691432758562
2019-10-31,3.0579379107160927,0.6512712839585205,1.1219090345783984,4.765707435141192,4.2799678059960495,1.4264524309492375,0.6638031912031568,-0.8619350249307224,0.5515936901982627,1.0491992243928616,1.8113465327160658,0.9446243308755661,1.1187638177373553,0.687306671160796,-0.09345316905711207
2019-11-30,-0.9291011050098235,2.2354279732278584,1.3840666585334733,1.6212055779079029,3.4324310188981184,-0.7231426618536847,-1.0556778223742342,-0.6071982034745267,0.18335528091678244,0.38977624316435183,0.42190869439683637,1.0326734152912909,1.4484547811873352,0.21541760157706336,0.22851684438572767
2019-12-31,2.4629155419445556,3.329178477884414,3.4424600403544714,1.8684954042470403,3.2545401231375855,0.6120757136482566,0.1863416758714342,-1.8999685444210073,1.9638347516538592,2.5205422902936028,3.3966028508532866,1.7075418133213451,3.075213870994667,2.360798683495566,-0.09713060810759311
2020-01-31,-0.883652091466984,0.3919416848514819,2.0297027470730806,1.633462228201782,2.7161464364246783,1.9494373847263604,0.5385338016867997,-1.5624475251555439,1.4520219630663673,1.6999684281208187,1.3714365052817752,1.3483874718057993,1.974230305152225,2.9209323343662996,-0.24860820487228735
2020-02-29,-2.2242210986948967,-0.7007983507934009,-0.07810865612702514,2.359496707936724,2.165418439936113,0.1888263097332332,0.8586144906929685,0.0720371537611112,-0.6988233016761319,-0.6027692909904531,-1.4076099329809795,0.5253892628120053,-0.22481215402994204,-0.17182530006353716,-0.13123939070434684
2020-03-31,-0.9867416803044147,-3.2129383099288598,-0.9724559520215762,-0.2741266591743305,2.0079642646736877,1.133340080826534,0.6842914065828295,-1.2045876123739871,-2.0496681228867333,-1.4639148162220093,-2.2736918571714964,0.1571154230047645,-1.090567999399993,-1.5697182422110272,0.006779686985378769
2020-04-30,0.19346400847306158,-2.006386278471981,-0.7005457509902858,0.3949619335137079,1.0843457460966877,-1.0624306384628326,-1.5321578694742757,-1.3280452877052122,-1.4084289730110278,-1.0187629581787845,-1.5825739437121047,0.11618905251275112,-0.7694525452649477,0.6455226216790192,0.00725016122505977
2020-05-31,0.21488105800447607,-0.37813765076573025,-0.6557260428223027,-0.31083751706937596,1.009564390884923,-1.4378376157986972,-1.23023758883732,-1.3888288426174509,-0.9336998144247921,-0.651855349421688,-1.1235002059129884,0.13601110419453974,-0.7087712321041918,0.9466479766517266,0.0
2020-06-30,0.12991744442251377,0.35643692169880314,-1.1112632774929825,-1.3833409672444748,-0.04482280591475146,-0.023165325893365514,-0.7109156842337424,-1.3677772538707216,-0.5924004274126702,-0.4140492467499865,-0.404900849812839,-0.5950345229014881,-1.1985651550953864,-0.46914317039541753,0.03249016742445437
2020-07-31,0.37714605721693656,0.4740502308201615,-0.6997376185788478,-1.118401097973985,0.06265493991882438,-0.21627238699481352,0.593862716687789,-1.7036359140675654,-0.19745439176298926,-0.032879872644777604,0.4059386618062712,-0.1889919354953663,-0.708335031743348,-0.2155736886307719,0.14785144639927122
2020-08-31,1.3316796897950811,1.2138712221402161,1.7464947065234984,-0.28433554301873004,-0.35108002122211707,0.8217090654132821,1.6136881888967203,-3.162262073326171,0.8251967898446929,1.1846241598770213,1.6790088177213682,1.8687834698359758,1.6775775854482116,1.1163429833882417,-0.16650588197107555
2020-09-30,-1.3206748983243277,0.22244201155751434,0.18978842806311297,0.8125866638147509,-0.17166345887610635,0.12363928670497798,0.08096567564893463,-1.126262182700549,-0.15617534124479499,-0.11342851392677572,-0.011074843111046598,0.3825562611308548,0.22212527309598956,-0.13490461367589351,0.002541297428672548
2020-10-31,0.12577974070120188,0.06738819961099614,-0.9243443660018624,0.7243740104853754,-0.20465076690561637,-1.6204647527793388,-1.0792746951890733,-1.1534228836105187,0.002194154496101968,0.026997642313007223,-0.013405117601369575,-0.5697717617468708,-0.9487613690785005,1.0867541178588584,0.15617907808865114
2020-11-30,1.3332524132985981,0.1250044275311232,0.2950685702086375,0.719917611168261,0.0713415782257012,0.18983168287789298,-0.35261012082735377,-2.6131901633084085,1.0568254716375094,1.286092405408683,1.1007859324248204,0.48738908388613233,0.39598902903644245,-0.13319702829393135,0.1715531174632097
2020-12-31,1.34095814512375,1.955245927737978,-0.04476480167957271,-0.252225386511298,0.24777512326087894,1.1709282767970874,0.5343891339399808,-3.2661898587032296,2.2824483566534175,2.4740250175187968,2.0830256273972223,0.2527971009289553,0.17967986693529944,-0.730541580395322,-0.08428847974030274
2021-01-31,-0.6887806053412189,1.2842085154646807,-0.023834032543344024,0.41401493544067564,0.43479573326302223,-0.35115186960485323,0.9734891137474133,-2.050576657990293,1.3857281471278236,1.5061277697476876,0.7344585007982569,0.26941550807544723,0.14875046397404335,-0.03386159601650795,0.1884046223648854
2021-02-28,1.3828933836660957,1.3398060335772009,2.938744470583858,0.5048024176726511,0.5150999593561457,0.7545517302670929,0.31591897511108297,-2.4561075030706028,2.628141462199151,2.2394107195533173,1.9231546145345824,2.162150997130613,2.1890178744140174,2.5068386421375064,0.0635286178169554
2021-03-31,0.38786267503672295,0.7199641765040465,4.0149945994729865,0.21479629044224421,-0.3401111518514722,0.6244182773636713,-0.3250794046889876,0.4752604091477173,2.069725884419907,2.1614559617442426,1.5320325961285108,4.075963273682207,4.894664913582849,3.6085573452667123,0.14058195062118958
2021-04-30,0.9322625847946294,1.7811314808377292,3.973822071781921,-0.9334592964550915,-0.5092025039603773,-0.8343221103208787,-0.2963277189415084,-0.2817129462584889,2.5482504105826593,2.2794279645632063,1.7107364601706154,4.215027326416464,3.8639164226298335,-0.3097680174579673,0.15641325437405748
2021-05-31,0.9780819077663494,1.4610748686702182,3.970873340532746,-1.1575015698556677,-0.5596473720078425,2.1763917339085572,1.197737847470891,-0.9924852046701421,2.694469432333903,2.189961701748162,1.9322591347557423,4.138040258701273,3.32357245622179,10.859568936259318,0.010744188394026334
2021-06-30,-0.09513805378861792,1.1070731649348606,3.018106516934587,-0.718347610571316,-0.6799465022448726,0.5192493201316569,0.48508658770989294,-0.9211007293644613,2.044028321499589,1.696210537016742,1.1707402350504832,3.171513836533205,2.658256453895206,2.0056902873895974,-0.01604435058838895
2021-07-31,-0.2547854839918135,0.37396247630879836,2.2291197642771405,-0.5273747192166102,-1.2778468326449828,1.0954950421530103,2.0524431232457476,-0.7271061717359865,1.5668175527165689,1.3297566044061584,0.42645240763585424,2.9266967560781536,2.065099272905723,2.4844945163352024,-0.16219278936334097
2021-08-31,-1.2869997133929416,-0.9893528042690729,0.8077064042559299,-0.5386450428494005,-0.4970065226103185,-0.7151379850122217,-1.4986279616093685,0.2882612771271408,0.8020478289058472,0.7664392208584774,-0.7324722138857687,0.6317768512852378,0.9568294742116797,-0.27071671359142674,-0.07444247625451617
2021-09-30,-0.7438959535421131,-1.363513250967367,1.0431135032637047,-0.7873199057662925,-0.3275611243827099,-1.3124193721564252,-1.4743332097367852,1.0346401094618312,0.47064991465123307,0.4716406550432977,-1.2282402306574298,0.7765897835703118,1.3329005915403567,-0.8179297867908665,0.0011702751481904663
2021-10-31,-0.13784335928689662,-1.2846578426308972,0.9550981933715254,-0.5972226087296468,-0.781153800413351,-0.8447084546488555,-1.4901531494894298,1.0433132155643847,0.4131095625603695,0.3899956300998991,-1.135033040383828,0.9129302236615817,1.213304018941475,-0.4916272671430114,-0.07496303847345535
2021-11-30,-0.6657181368115224,-0.8378517485519668,0.19223508555363428,-1.1961574446867578,-1.7642277123109982,-1.7699360670830628,-1.3047880299626111,1.5571240082684534,0.1631235498138896,0.15975897400156408,-1.1687745791193933,0.6110096677746635,0.3828137903154656,-0.8860433270890941,0.0034607553810781454
2021-12-31,-0.05757310602799057,-0.4542284896403845,-0.24559095553700028,-1.0843614669728943,-1.6273276647982269,-1.1172779781722981,-0.08618785662627516,1.3383133817179234,0.16812596551078565,0.1417342893848146,-0.8058483971029944,-0.0697843615662401,-0.16272933965863942,-0.49729511954584715,0.0415252647557009
2022-01-31,0.3393000456152818,-0.22221344831859066,0.07063645695775533,-0.7443401930611969,-1.2484531401197334,-1.8461889188479612,-1.9066445269032941,0.858329709954388,0.3065596606528597,0.2528804399157817,-0.24713863412027062,0.2680070738611896,0.18789209107903798,-0.8711173690307191,0.029977018336676473
2022-02-28,0.19552795123786187,0.2367589216955258,-0.31365586421082775,-1.410510698432595,-1.8337632311147951,-0.7297426041014143,0.6061204502452411,0.664085324928311,0.36177995316304745,0.2870892285142431,0.03184961732042414,-0.11957412923560637,-0.27964412908254516,-0.3819556218086059,0.12696749967501642
2022-03-31,1.0489256212577949,0.7333918287378778,-0.19035424039583485,-0.728167480868916,-1.312186248567895,-0.784949842079776,-0.09031437942332719,2.5328097726821377,2.0919629647748934,0.5038301487398172,0.6556601260782083,-0.035406011014004486,0.008449685050699363,-0.4326246327668098,-0.011656653164021941
2022-04-30,-0.4110062311492581,0.4289040742665535,-0.5715986140554747,-0.31428644924179155,-1.294375795967538,-1.2560765985963345,0.46500047489325974,1.9105322437914192,1.495576630255933,0.34965389162741967,0.3683441209299479,-0.5985029304117591,-0.5596125999306207,-0.3884802021604382,-0.2423470876478611
2022-05-31,-2.698027228383816,-1.080310434819533,-1.29242188018345,2.206719055364226,0.7893471162181539,-1.0217985633172728,-0.8894886183527033,2.3924266060466035,0.48049834414974674,-0.5477284647265652,-1.2180168627019266,-1.2279861278669737,-1.9391291484157118,-0.07759875342169957,-0.15287880197725467
2022-06-30,-1.4927733237086687,-2.553076785232599,-1.4796215997989648,0.5515925515407171,1.416715419982962,-0.908122084886637,-0.7603927877210509,2.050490053939192,-0.09503540533175382,-1.2892878568174966,-1.921593885702614,-1.3112717689649458,-2.4779704674328014,-0.05129371556085626,-0.003875973844693072
2022-07-31,-0.1324209894912168,-2.1471301837727776,-1.4322960810677106,0.5749295933358379,1.1657569260619607,-0.3814109760383895,0.45796315312340863,1.4316281810501588,-0.23856587182058894,-1.4786291868934982,-1.6108763688724215,-1.3117113181612987,-2.19412620394494,-0.30694953749624826,0.12573408216449097
2022-08-31,0.9614167813868791,-0.3084414488326334,-1.004489131704313,0.9274264537055532,1.6534940047840037,2.0644448075147017,1.8429648432598824,0.7795863714172478,0.07182605130638967,-1.0156643121217543,-0.6913394743985034,-0.9580761921025206,-1.135296010265612,-0.9581901418327524,0.04421349714202028
2022-09-30,0.2915218717684889,0.5787876345823709,-0.7640962367600662,-0.7387111082102399,1.013433108173289,-0.7076521788443969,-0.01559916824731077,0.5074457053428106,0.1317606593419371,-0.8976991012672823,-0.11243327602286714,-0.7961271681962129,-0.7253562890532766,-0.27434603579717604,0.08567256068560686
2022-10-31,0.5962714572940918,0.9318622962489097,-0.609501168315849,-1.224355498772936,1.2706041967636579,-0.23975606680258654,-0.031154722191016483,0.21193619384217977,0.39051090904327124,-2.4275019327299034,0.6212479714688379,-0.6767412121483969,-0.4602468810659274,-0.339831216841529,0.16538699311959804
2022-11-30,1.263003735963056,1.036479191846264,-0.1266623578444609,-0.6623602187839311,0.16865338753098566,-0.26527668571431917,-1.5655348042558153,-0.1984301987770416,1.128678135037705,-1.4740343016572865,1.4080116915057261,-0.2521995399784058,0.1779179569022418,-0.3325894065407406,0.04461799242277345
2022-12-31,0.19641862840291197,0.9652116563041035,-0.05032833880998435,-0.6035178210359187,-1.517191656286438,-0.8737023878879947,-0.411963794539175,-0.3715514959354318,1.027840367468744,-1.1565794974814403,1.0614622586176163,0.25283827954995103,0.2478465162282252,-0.5675462656258826,0.0007310832542026391
2023-01-31,-0.14729451604715146,0.6238454214327601,-0.18708305058223848,-0.003651403121299396,-1.4153788068549187,-0.761955339845207,-0.6182889566007973,-0.5066453625939441,0.7045284799665901,-1.1021073074227505,0.5550499607184792,0.05145313627371729,0.09232084891408673,-0.5122514926533177,-0.10306244097291585
2023-02-28,-1.1462689594113533,-0.490254441376611,-0.5307255521072466,-0.17697769645639516,-0.3885415950513708,-0.5391946134335922,-0.4909996076904383,-0.37090268693821626,-0.1710475714951997,-1.515983407763227,-0.3174273977586774,-0.6219473518580868,-0.2832479326856443,-0.36922678382312896,0.004042587367776709
2023-03-31,-0.040816796318083895,-0.610607265327361,-0.7541444528919329,-0.5019910270875488,-0.2900508710577242,-0.35379701101979655,0.40003133972212607,-1.8058715606980913,-1.476010368239423,-1.2903883946068833,-0.41303508183641235,-0.8962249501376078,-0.5581392203262927,-0.27997077388444247,-0.027540936329291325
2023-04-30,-0.32173280964551665,-0.6827618491392363,-0.7236668402768799,-0.6037281510074536,-0.3117468046637515,-1.0484079573338534,-0.91402377619505,-1.5611142126560558,-1.5354797574249728,-1.2315468816365152,-0.591991457855208,-0.8656328400678998,-0.5302698539798256,-0.18445684683690802,-0.01588440810602182
2023-05-31,-0.1473119105469793,-0.23224176966775015,-0.16176426590643675,-1.6781236586815802,-1.6100552836049233,-0.15942554895173894,0.22374320402372125,-1.4539200985657987,-1.4736340607939022,-1.1622255682533829,-0.530144352042446,0.12563551062337777,-0.06394138280781589,-0.316467269034546,-0.020432038817205855
2023-06-30,-0.12840976717740263,-0.28242308831088325,0.30823487633843344,-1.8329942387700535,-1.7731078486121616,-0.2471141175775845,0.001149942449684711,-1.4240828230252875,-1.4588280540633403,-1.1708785097285161,-0.42229319317530856,1.4219511524829742,0.3207935677546525,-0.40743387109682805,0.11369722813380304
2023-07-31,1.3129999066213316,0.4767827621804513,0.9124048460181735,0.10813295559399327,-0.6743719863614859,0.21750698779691205,1.6341601552363565,-1.6095387518390971,-0.8166770600315201,-0.32056458315842024,0.5498733592775926,1.1767987437773852,0.6331972187522049,-0.13498196418007533,0.04844892546965264
2023-08-31,0.5419716000617315,0.8182106409467227,0.7990851624981397,-0.10139020087270433,-1.1056862731162322,3.3059523686701153,1.259405671978104,-1.5959288627501353,-0.5498308622678626,0.2219838335987519,0.8240172310693532,1.4734733638110944,0.4789972976361301,4.647727426883688,0.18426992565190886
2023-09-30,1.9598222059638777,1.7735408578988767,1.5280451456818693,-0.05321170380363814,-0.09535244521223389,3.1899458163440206,2.1403324493958498,-1.628398128759545,0.46218312927859,1.9443523652087547,1.9109031464454753,1.3215802695206975,0.7124521390090232,5.963622983721073,0.041308494164975756
2023-10-31,0.267881482742842,1.2532690301016334,1.359172728269545,0.27106678274145074,-0.27950781421026316,1.695621730410808,1.3255192956545048,-1.4445617608345296,0.5607176452033974,2.1147301919165113,1.5209447589975562,1.2328583471863064,0.6375158961355888,2.0385465058774055,0.1630051925756764
2023-11-30,1.502832318747438,1.7119924304774778,1.442031856318426,0.1861761118043611,-0.24656251185335398,0.893519495459878,0.11997606583115565,-1.3686658981063173,1.3941060653432173,2.7815775103073777,1.9885287047149527,1.2206330499703357,0.5840836771431281,0.9197129821584566,0.14413612022905992
2023-12-31,1.1784186399411654,1.35479645102699,1.928131057501911,-0.1436945533470088,-0.8414735099023408,0.6505026755275896,-0.7049384206729135,-1.2536321456273736,1.8214535920089068,2.637895298995088,1.9983701220290375,2.538349573276498,0.701323195123899,0.8687367452639497,0.04750823510001902
2024-01-31,0.144437090433399,1.2666107538015845,1.981089446596713,-0.25845205265417004,-0.6452635239324674,1.0723057109934724,0.00469521848092916,-1.0975750364227035,1.4818937389086912,2.074897975950565,1.3060795118078379,2.1890702957739845,0.7352942770834148,1.8447091350133387,0.027192414439972987
2024-02-29,-0.056846611909578355,0.5599825292020206,2.517334337180164,-0.24787239392047106,-0.5100564720179995,1.9764322993744619,1.4571127817666798,-0.9615732782376317,1.1450281952759211,1.6869582689606821,0.6889383775317036,2.5657798494761366,0.9906795344073248,4.736578919886178,-0.11306311632389943
2024-03-31,-1.4281226850522362,-0.6041502634422815,1.5531192047182316,0.3625719693998369,0.33082838731970826,-0.03845976393444731,0.015337263978057084,-0.7766707070629105,-0.3227175355071431,1.1286950055101919,-0.42068022930763654,0.8765069928516458,0.7927770017855693,-0.19740408997122585,0.23187852431590888
2024-04-30,2.0035503274286395,0.2517127577051075,2.756240210484411,2.6433141655985115,1.0208975315400641,0.023116394298563325,-0.27930350599627746,-0.750600106576768,0.8033869745680082,1.5223579213970744,0.6175118585490308,1.3629713183719117,1.0893297754754503,0.16343627264940652,0.022388994893478686
2024-05-31,-0.0947342087697831,0.23044849389746855,2.4991134726648228,2.2342123285831907,0.7912999432842469,-0.3357979597764612,-1.5737686849306136,-0.6317766608219515,0.7213338238973789,1.2739734741937736,0.33819066605063647,1.4792605371613596,1.0718887481529162,-0.6240623557884692,-0.055721417727422944
2024-06-30,-1.0402277311457144,0.442261512629592,1.9929485368800277,1.7066879804561597,0.797010878838109,-1.1876087721885566,-0.8177848143007338,-0.5052396948101076,0.21964558800250897,0.9309904788644922,-0.2767040614090299,1.228217624767234,0.9929665629840712,-2.52091667810804,-0.018209164540604984
2024-07-31,-0.7446929362337898,-0.903595497268411,1.2298949915116062,-0.971226893329338,0.8699597188698979,-1.2789083225039675,-1.0659011812932049,-0.40136792219287487,-0.036245388352153574,0.7254672528073397,-0.6209898267942165,0.6516744348875925,0.6682740966551831,-1.9552083542537808,-0.08172029979085664
2024-08-31,-1.4444784616254573,-1.7826389002314114,0.6317292165867302,-1.0612998641865636,1.1078835877129338,-1.4173671578091445,-1.2254972972295395,-0.20702860169058418,-0.5895125044107569,0.434955336222245,-1.3382787702847463,0.08237996142852654,0.38602134886613554,-1.6504273038491,0.0952856823091925
2024-09-30,0.6160455445050684,-0.8040437013411861,0.23624037303133186,0.4145224731285122,0.9215944599909072,-0.5225978611969623,0.4040164334883814,-0.17067097712992366,-0.17739076821249258,0.5086744600591576,-0.8621735620714449,-0.17233039803608796,-0.15887189673881216,-0.5604983389941928,-0.09879493142272004
2024-10-31,-1.514571135323784,-1.2136118940493519,-0.3136102100511447,0.8187826043363011,-0.5499278097861159,-0.44984562165264663,0.4640094013402155,0.14282531092473263,-0.785067899357081,0.22265808590368258,-1.407723263683937,-0.15359661799176638,-0.6995088065592463,-0.37695779490707343,0.03624691525784392
2024-11-30,0.03057304103659852,-0.4515806488075851,-0.7762961419590856,0.5598710193287718,-0.4131400143062969,-0.6212075564914978,0.6761471664872208,0.3192281686553623,-0.6132674738434164,0.17796610511523897,-0.8918824065196147,-0.8278728684045177,-1.353246721948987,-0.3623340121937432,-0.15132943617555158
2024-12-31,-1.9521789383254724,-1.8117031608845555,-1.5474932099584764,0.45428492426107386,0.326780277824978,-0.5228742592181683,-0.24144255397914666,0.9641727949467613,-1.333869383221687,-0.24116885174792974,-1.6224614019892418,-1.90525498639053,-2.1355128143439215,-0.1385451186919189,0.0027268612564243276
2025-01-31,-0.17258433569341589,-1.0694188410189307,-1.5506081561464888,0.4974019070040651,0.3304256326214471,-0.9586537450891225,-1.0204387059784732,1.2389473031107678,-1.2319104775524066,-0.31171178981347547,-1.2465551629098106,-1.834773126185899,-1.9860065931311208,-0.0708430780249903,-0.056322241326210054
2025-02-28,-0.771644227536982,-1.4909444270255907,-1.6223847920089767,-0.054822795507796375,0.19429401827247267,-1.8237208743559763,-1.6739737550355571,1.8460875470594609,-1.4115340368281668,-0.5334043533598342,-1.3288801545050999,-1.8651219337843954,-1.9769952225003442,0.20801840031038502,0.09766452407367406
2025-03-31,0.7852070621489627,-0.09152483347125984,-1.136740607842753,-0.05760711391837689,0.2183237520612194,-1.037338488509643,-1.076646621599367,3.0289268745515288,-1.5654487689461867,-0.4024670920929959,-0.4285055656332178,-1.3155632297006334,-1.2958005274635984,-0.2536388225561612,-0.06135975914323846
2025-04-30,-0.8905489374008893,-0.46849422297983007,-1.708565731080473,0.2314931837444069,0.02654708443535174,-0.9522630282245954,-0.3860057939870518,3.156292697648648,-1.8165759532694858,-0.7244049941619829,-0.6995788358651661,-1.9708180060890934,-2.107909527164476,0.11600511796581076,0.09392011084931369
2025-05-31,0.7048042074115308,0.31955300947475146,-1.5334324249245366,0.20623087079333283,0.4548972313909628,-0.8619612228545012,0.4339984149162936,2.107496460219454,-1.4242351667394513,-0.5675800873193054,0.04600208218069412,-1.7104823130929447,-1.8058215469475623,0.000946450240485071,-0.016576139261820767
2025-06-30,-0.4571617865651258,-0.34602454366307567,-1.3827598300879675,-0.1409726747877049,-0.7603711404354152,-0.9064247476125002,-0.3674782641971957,2.26659901273963,-1.5836144675339383,-0.8385065778352261,-0.19115756854274538,-1.6224590623287445,-1.5739747233912023,-0.034113552491848255,0.011222505736738947
2025-07-31,-0.1792447759551965,0.03556644299231955,-1.244016015909399,-0.8896595109924357,-0.9040335878833528,-0.041987932499463046,0.4590524424930635,2.172930808301026,-1.5831038315423995,-1.0494682473644448,-0.22619511764550265,-1.3983669567176622,-1.3625862903050387,-0.24254047706056286,-0.02851400284679998
2025-08-31,-0.5451889384209855,-0.6484542273914445,-1.0651531585369025,-1.9051980070295615,-1.1244444982958892,-1.1124392389550752,-0.9136376577231395,2.574914404869997,-1.7344109930336624,-1.5046149767937838,-0.538524703489514,-1.1697974191816773,-1.1376597204266738,-0.12953721020971234,0.10412428672534339
2025-09-30,0.8412718021854277,0.06366468398980028,-0.9893314465585429,-0.46848941065556465,-1.106143482073656,-0.0032521711959383826,0.6220347761619444,1.3643987253510108,-1.0915714260146963,-0.6484542898610187,0.1347189634848421,-1.0532925693488608,-1.0147510392304462,-0.20925141069901101,-0.007361673840703582
2025-10-31,-0.2730676337120476,0.021818988092642915,-0.7584876983642346,-0.3840886947019638,-1.50629273775308,-0.7277831159201261,-1.1204973539473506,1.5005446878631417,-1.0885734848442745,-0.7386308430258183,-0.0703399212886081,-0.7356652893754884,-0.7430786562020743,-0.18971919202294546,-0.02498293049050911
2025-11-30,-0.43956922183362873,0.09576787540302845,-0.8203236625418513,-0.40590719915965373,-1.7777370111552337,-0.34242041379900545,0.9276476713798356,1.6884739380126692,-1.11905807564136,-1.0831058599807806,-0.26568183236199777,-0.8812188121053726,-0.8159302235232648,-0.06809719689991028,0.11790327854716734
2025-12-31,1.237174543990522,0.2862036410225548,-0.24154945715722748,-0.1886856256110714,-0.9485562191238924,1.2195287203744698,0.3026514347780592,0.274343777938735,-0.3118411251615179,0.47704336980923495,0.6105596952300046,-0.015258524883275885,-0.1699626049342922,0.1673398380449414,-0.023848313586276683
2026-01-31,-0.35770190264304463,0.27581965481277376,-0.26898263795273863,-0.09037062325476475,-0.8221383544530633,2.3673511778214884,1.892524735061675,0.44628116645630084,-0.3515344238771203,0.14368123320129886,0.30940701034034995,-0.07808996741953483,-0.18871915536378175,0.5028815079227994,0.006505085841811744
2026-02-28,0.025639072534037743,0.6903181800526736,-0.0872065449247334,-0.31516404567872525,-1.0027132578143967,1.9546986472745365,1.5303880079289527,0.27240085493380006,-0.15436624725721873,0.252429227449902,0.20167607517007913,0.2491466071419908,0.010320657587913297,0.6328901970243567,-0.04184710993550037
