TECHNOE IN Equity,ret_1m,ret_3m,mom_12m,vol_3m,vol_6m,vol_z,vol_trend,ey_z,bm_z,mc_z,rev_6m,mom_vol_adj,value_mom,liquidity_adj_mom,R
2022-11-30,1.3140473698182922,0.3514575450467049,0.5923546798598117,1.3300353764980262,-0.1448789770387081,1.17042510523911,0.18690436869207286,0.3607400925065113,0.5818500096572319,1.0973629342767657,0.47606980031680796,0.761408559348924,0.8933845467057158,1.1223196427475357,0.04589241187031161
2022-12-31,0.3890371801394012,1.1875165162401873,0.7013159628985227,-0.9303107576267832,-0.067921106424705,0.6541816340619405,0.26847167739389005,0.10345394441223621,1.0734963435193203,1.399334212914036,0.6574742370144192,0.8756563201838536,0.9598707428111417,0.7336690531185631,0.06738527601205055
2023-01-31,0.6396129681642575,1.1727035189608952,0.7914887656688385,-0.9112569637202553,0.09416601570087055,-0.3813790830331812,0.41512945548380137,-0.286334911174612,1.8867476664489184,1.9953501103721238,0.9615427652711146,0.9315096005028181,0.9628937529258136,-0.610829703176257,-0.08604595821255506
2023-02-28,-1.3697565101887188,-0.13666462717117517,0.48665335596238224,0.7390614809407611,0.8948541799409068,3.4188389770317578,0.6556832271501529,0.1927205868471938,0.5986447941687983,0.3730133553475903,-0.00916685970882655,0.4026154081332982,0.7395819010379712,3.0773874959195235,0.041581317092875984
2023-03-31,0.5316266651079955,-0.09707856720287382,0.4907053591393646,0.7200237650165298,-0.04157921095747803,-0.24109191923172343,-0.33657124063191085,-3.2531513675834054,0.3064908013853108,0.9145770183139831,0.11206776527707173,0.6743652757087866,-0.13327922827246677,-0.5225529810284836,0.09595624421788146
2023-04-30,1.324736296814008,0.22522146465443052,0.21972622414467136,1.0596990258246193,0.2159400363113778,-0.7947080319605935,-0.31144849178343664,-2.374850008827915,1.7701042606474877,1.9602778262146665,0.7650948075990811,0.29909189272046527,-0.2753263209329527,-0.9106353414195366,0.06170046914989784
2023-05-31,0.7304683844035885,1.4735002990581774,0.6736284035393212,-1.1887470922083498,-0.23328844228761744,1.319411490263353,-0.6461008671406384,-1.8864133815611512,2.691304678190687,2.20939722798885,1.0503580044716243,0.9621668653011196,-0.09185704321090368,1.2294898111445942,-0.08236460845284077
2023-06-30,-1.3232582036891527,0.4338964156429642,0.33074457787603045,1.1863185590327148,0.825717115546233,-0.8695701362837203,-0.480059304159238,-1.5028015826068049,1.4187782167481389,1.0497862163541212,-0.018551426264731566,0.25960567020418396,-0.16256921618333747,-0.9573565551223644,0.29939208796704264
2023-07-31,4.230086800684685,2.04900491683843,2.0408661679374065,4.486208134838329,4.772762258814691,0.9076984572325005,1.4060769081063291,-1.483665478114348,4.696900964840139,3.0860221343065453,3.028383598237735,0.69888864837026,0.26629764233922393,1.4131552855588678,0.0849728481010354
2023-08-31,0.7244510091910067,1.988670638440192,2.871653586983977,3.250652373712735,2.580446281127606,1.0722296727545402,0.05979624916775045,-1.2650530082004217,3.0141658517516565,2.289402956210206,2.424317499687014,1.4525426976718327,0.5395636406796884,2.6121984934143714,-0.056960374429458886
2023-09-30,-0.925764838743165,1.963747382258825,2.60990360859101,2.3446476831979655,2.732365622822108,-0.8564572770531135,0.2342448989733155,-1.0208782676120753,1.6844538288985793,1.293763924818353,0.8153249415711861,1.3011008529605077,0.712703589460953,-2.8220910712224816,-0.006356795343037918
2023-10-31,-0.3424929091835292,-0.33380159206335763,1.8641327782530395,-0.09057136184441177,2.366786214594931,-1.7203608825589134,-2.5885396847071442,-0.8490278777584929,1.2508490206796488,0.9029511893468787,0.22143257759114163,0.9760725727088277,0.5953595361969793,-4.012223689593598,0.34833013900311544
2023-11-30,3.6529078544430593,1.52569474948882,3.0954283694237636,2.876878531502437,3.5642028738355473,1.7981154511166149,0.6288184450345753,-0.8238573926312976,2.227184337420763,1.7682507636590614,2.9119349635936445,1.2599588368441779,0.7765149439734763,4.63020917781001,0.11789243715216728
2023-12-31,0.6796300223183073,2.792676052563241,2.9359444213222208,1.66421685483054,2.2140638706509,1.3101763837195504,1.8817960987983273,-0.6952714742064261,1.781870455107161,1.4869986639572224,2.3746555298202976,1.7401502479994475,0.7496954424995614,2.946303807629203,0.022132456330888485
2024-01-31,-0.26034492310054724,2.6396279581342776,2.172414973148509,1.2907784543058527,1.4598256253875186,-0.1393799893879646,2.0430973933024,-0.5606714641531433,1.2566824977380915,1.0364969021622066,1.3807564840965911,1.6915124845065577,0.5965858924858836,-0.42586992496629283,-0.14559672438064375
2024-02-29,-1.8177692327640524,-0.9866211131264659,1.6253438224131131,0.6138533737359869,2.0502618712511005,2.1073813628251337,0.4526582472174787,-0.4062814949909512,0.5152010512229053,0.3044221609212832,-0.5606611492999792,0.942463661759667,0.5932820272339365,3.5482560796109506,0.08770072134441906
2024-03-31,0.37702103919897756,-1.177483093602648,1.6843686196976129,0.3344973902824779,1.642389274307443,0.3565687188894688,-0.3367313276120734,0.16328806753582983,0.28156015282895175,0.3104977147361409,-0.39414819307366583,1.1339962429667196,2.795166368475149,0.52571822950818,0.2737368923367384
2024-04-30,1.991354573783691,0.47448988532527736,2.408418027861385,1.836863477859828,1.7982782445520182,2.336708483192609,2.3701160880620424,0.07105164614874981,0.8633660520676252,0.7482604906127398,1.2304855891466524,1.6393047810431647,2.550703262348259,5.216476237188434,0.33485194743263264
2024-05-31,2.3366207210753336,3.5232584130177744,3.63181512557477,0.3248190363004352,1.5311152696656058,1.3002430542358774,0.5898207813620732,-0.032412169359225224,1.3966441457358887,1.1019891913768383,3.518315166211431,2.957679344436864,2.3934352869034945,3.5017668376967594,0.0908874758422218
2024-06-30,0.17568987987282048,2.7588320040207077,3.86290038638575,0.2733072742161337,1.3957101259113307,-0.34244405107932796,-0.004455110481643452,0.03084873553423047,1.0666009503861065,0.7747675077199315,2.347851377719582,3.569121173713134,2.6340475999368884,-0.6328489462472769,0.09423857231998337
2024-07-31,0.17742787202775093,1.4886778620337136,1.9880692073094148,0.46321846927449895,1.1701854705393826,-0.903892075126924,-2.789398556595087,0.09723212423709622,0.8520138238162327,0.5245511421310592,1.672378778749552,1.9445569570314345,1.2299911754321045,-1.5801928568170702,-0.042824574472522726
2024-08-31,-0.8816107597255554,-0.3054788456349105,1.2889013691568216,-0.6274605897158537,0.4401479596275202,-0.8640619209009875,-2.239783351623588,0.23102448409067766,0.3816499547360212,0.07189661342210937,0.19947676399742376,1.8032815625639866,0.8157898683245159,-1.227157111347161,-0.021510858156816488
2024-09-30,-0.7095594507072391,-0.831658763330668,1.3103438672986625,-0.7670032754733955,0.7009991096103684,-0.6552782878476608,-0.45199102895227095,0.36611727646640363,0.0709349008961735,-0.27387929916128045,-0.6801523295104641,1.495599969279593,0.9148297740004548,-0.928972500054054,-0.02275051517863324
2024-10-31,-0.7518932138347976,-1.4006052388959758,1.1472998783481496,-1.877372057461531,0.3904640454043124,-0.9236544596091004,0.0777023964429162,0.5733790031829844,-0.24632443342680613,-0.5436297270663634,-1.2967861086424408,1.5803762113666273,0.8488265258121639,-1.2740328248762849,-0.05962237566316008
2024-11-30,-0.9980720989447001,-1.4537302777804768,-0.15212764893479885,-1.5724952911659027,-1.3802778287432436,-1.1589913185690548,-0.4585909946033714,0.8496712135787228,-0.6860790815371515,-1.204242918164504,-1.6957725057500161,1.6408430719619258,-0.3912530886208325,-0.8789045899197898,0.06360943100627439
2024-12-31,-0.0049801792194185245,-0.9961392450236122,-0.3229405052215356,-0.7846955198764011,-1.5219378023368173,-0.21500551220738065,0.409972906171978,0.9186891237020316,-0.6801942908557814,-1.2545497035320816,-1.2079946816054314,1.436588379952166,-0.5913859672846739,-0.19968052974151773,-0.3766458452217426
2025-01-31,-3.3023396832365672,-2.437753432663502,-1.1422860597572864,1.8307668225932392,0.5810238956191914,-0.016164937772532056,0.8756889082615404,1.8166363700148889,-1.9455777543072497,-2.617601126574199,-2.699481595915434,-1.5774713337046675,-1.1484284384456194,-0.18082819694069915,-0.10116817660003101
2025-02-28,-0.9156950674562876,-2.246550121822924,-1.0585614642936627,1.5791710884948273,0.5027583018526045,0.5956104833467525,1.828600688317134,2.9588576768092327,-2.0804907060061306,-2.639883106751326,-2.3600765535083785,-1.4004284593619925,-0.8959711462951157,-0.01095571951247394,0.029487532851443145
2025-03-31,-0.10130018663605476,-2.1051293592794518,-1.1559724396302347,1.2019844236264439,0.5835542173415145,0.09047077455167347,0.2300464933476801,3.6541875800581956,-2.801060815109109,-2.4072226268038754,-1.7042514132445197,-1.4800208951404175,-0.8285378500776667,-0.1634524410841095,0.05837046476163557
2025-04-30,0.08025608515546506,-0.48370753871200534,-1.451430660960208,-0.7051349239794221,0.7484866589527486,-0.27568585838285165,-0.38989089777398644,2.492058144735395,-2.463156959177512,-2.0646445542451435,-1.096297076438618,-1.7201827028498653,-1.4271262227504962,-0.23297387796299218,0.2818824946994833
2025-05-31,1.473660930007293,0.7487703468393502,-1.480928277700023,0.08547159055790336,2.102655602929757,1.8270970555137753,0.199608842299467,1.158437723285397,-1.7769775101860823,-1.1336503673971219,0.27797758173841786,-1.6821595361362531,-1.4982146644997705,-0.246065695537937,0.1266182769350538
2025-06-30,0.43645447758936246,1.0248048069122582,-1.3815961815041398,-0.3496709306630731,2.1153654992310305,0.21923832022693596,-0.1489054590700081,0.7191588157020253,-1.428276949535365,-0.7518290806409093,0.9407127246538425,-1.5183307237520247,-1.3736715421093775,-0.21574197247997084,-0.09416715478629434
2025-07-31,-0.9344436984106355,0.4820917592017862,-1.5495894756116682,0.8045311894208366,-0.27687465835355174,-0.8850717853039335,-0.5196807708390557,0.9088921327271318,-1.5472027687017251,-1.1013640807592895,0.0845094899945181,-1.6475494587078612,-1.5901671858408108,-0.18472829861260376,0.03799716107961899
2025-08-31,-0.04514516193336618,-0.2763980803177506,-1.3712189329992046,-0.41760373096013265,-0.8134086418842986,-0.9244765349007723,-1.6006330412524694,0.6847079448827104,-1.3861397499738521,-0.9888601316207799,-0.04745759890554451,-1.4633303483161215,-1.372694418991483,-0.19307475844859198,-0.12616406238419386
2025-09-30,-1.0498017703432654,-1.0300873384491982,-1.3782986478168333,-0.7542503082497785,-0.1332152839935558,-0.5732353008277302,-0.5769906551093475,1.002520981806221,-1.5387548096087746,-1.462721056845037,-0.7759972772086078,-1.4343722924411384,-1.4367272273517415,-0.17252717529326497,-0.010782385329085603
2025-10-31,-0.312558760430617,-0.6962524376673794,-1.2721174048884862,-0.7369211279314848,-0.10342311958157452,-1.1892253821767924,-0.34120088006300603,0.9104979736232321,-1.4556197263309796,-1.4633135520375644,-0.8987405809263121,-1.3156704639264287,-1.318442644618079,-0.13275807638419354,-0.09022118726057615
2025-11-30,-0.7957449177468512,-1.0638289977982185,-1.219183998464454,-1.1571096313217075,-1.6445441953414017,-1.4598691895735838,-0.5410493803337524,1.1082065251460884,-1.461104126810269,-1.8356157531885247,-1.1059386928416681,-1.3561880279369674,-1.2929399344285675,-0.12948897616335747,-0.10782490101669501
2025-12-31,-0.8531070677139858,-0.9277698674370877,-1.2502375606209069,-1.1939680275676943,-2.3496828540947527,-1.1411181698589303,-0.704852660106465,1.3959329008761627,-1.4698634773010595,-2.309998932212818,-1.1771021439457034,-1.6745964607032708,-1.4501009947436747,-0.029203061517008203,-0.10473435762998735
2026-01-31,-0.7670202794461465,-1.1353795188413787,-0.9497935315279334,-1.7872539552232685,-1.9981119276446242,-1.0713955046848929,-0.33177494959455267,1.6597406390155223,-1.4384778406760697,-2.6857452858901443,-1.2270607978741386,-1.0572803263149095,-1.0070013189954878,-0.12993649550666073,0.18556581815568052
2026-02-28,1.1515252175271555,-0.2093738721214585,-0.6073015887071497,0.8759196809168616,-0.5755770907329153,0.40771565863583853,1.2348394959134292,0.5558412891176913,-1.0749010299849981,-1.5925434886068282,-0.25800531582619624,-0.5579297591944969,-0.4856423917275605,-0.1262546227088452,-0.02870679571475483
